CNTR_CODE,NUTS_ID,NUTS_NAME,Panel B
BG,BG423,Пазарджик,
BG,BG424,Смолян,
BG,BG425,Кърджали,
AT,AT111,Mittelburgenland,
AT,AT112,Nordburgenland,0.897192691
AT,AT113,Südburgenland,2.334286328
AT,AT121,Mostviertel-Eisenwurzen,0.903658532
AT,AT122,Niederösterreich-Süd,1.324593435
AT,AT123,Sankt,0.954406893
AT,AT124,Waldviertel,0.916893065
AT,AT125,Weinviertel,0.912126117
AT,AT126,Wiener,0.861582481
AT,AT127,Wiener,0.960050178
AT,AT130,Wien,1.266125113
AT,AT211,Klagenfurt-Villach,0.985224314
AT,AT212,Oberkärnten,1.121436543
AT,AT213,Unterkärnten,4.156674719
AT,AT221,Graz,1.024562885
AT,AT222,Liezen,1.257507699
AT,AT223,Östliche,1.102323262
AT,AT224,Oststeiermark,0.914911612
AT,AT225,West-,0.952933804
AT,AT226,Westliche,0.959167426
AT,AT311,Innviertel,1.083112762
AT,AT312,Linz-Wels,1.13586122
AT,AT313,Mühlviertel,0.882174094
AT,AT314,Steyr-Kirchdorf,1.359674819
AT,AT315,Traunviertel,4.223443658
AT,AT321,Lungau,1.299518063
AT,AT322,Pinzgau-Pongau,
AT,AT323,Salzburg,1.013221953
AT,AT331,Außerfern,0.930156289
AT,AT332,Innsbruck,0.98361299
AT,AT333,Osttirol,1.476738241
AT,AT334,Tiroler,1.112242367
AT,AT335,Tiroler,1.081204689
AT,AT341,Bludenz-Bregenzer,
AT,AT342,Rheintal-Bodenseegebiet,0.95132901
BE,BE100,Arr.,1.003075162
BE,BE211,Arr.,1.446633784
BE,BE212,Arr.,0.907232876
BE,BE213,Arr.,1.481831563
BE,BE224,Arr.,1.17674226
BE,BE225,Arr.,0.830563901
BE,BE223,Arr.,0.800531104
BE,BE231,Arr.,1.380129268
BE,BE232,Arr.,0.808799459
BE,BE233,Arr.,0.795334754
BE,BE234,Arr.,0.953631334
BE,BE235,Arr.,0.813846751
BE,BE236,Arr.,0.789659197
BE,BE241,Arr.,1.276719202
BE,BE242,Arr.,0.8183342
BE,BE251,Arr.,0.869921908
BE,BE252,Arr.,1.911728002
BE,BE253,Arr.,1.242006447
BE,BE254,Arr.,1.090449521
BE,BE255,Arr.,0.75507992
BE,BE256,Arr.,
BE,BE257,Arr.,1.376687014
BE,BE258,Arr.,0.85050289
BE,BE310,Arr.,1.21675275
BE,BE32A,Arr.,4.01321041
BE,BE32B,Arr.,0.785282972
BE,BE323,Arr.,0.842427787
BE,BE328,Arr.,1.065427527
BE,BE32C,Arr.,
BE,BE32D,Arr.,
BE,BE331,Arr.,1.370911793
BE,BE332,Arr.,0.964386726
BE,BE334,Arr.,
BE,BE335,Arr.,
BE,BE336,Bezirk,
BE,BE341,Arr.,
BE,BE342,Arr.,0.877478324
BE,BE343,Arr.,1.835747066
BE,BE344,Arr.,9.445893012
BE,BE345,Arr.,2.513375736
BE,BE351,Arr.,2.507734502
BE,BE352,Arr.,0.891397299
BE,BE353,Arr.,4.0045371
BG,BG311,Видин,
BG,BG312,Монтана,
BG,BG313,Враца,
BG,BG314,Плевен,
BG,BG315,Ловеч,
BG,BG321,Велико,
BG,BG322,Габрово,
BG,BG323,Русе,
BG,BG324,Разград,
BG,BG325,Силистра,
BG,BG331,Варна,
BG,BG332,Добрич,
BG,BG333,Шумен,
BG,BG334,Търговище,
BG,BG341,Бургас,
BG,BG342,Сливен,
BG,BG343,Ямбол,
BG,BG344,Стара,
BG,BG411,София,
BG,BG412,София,
BG,BG413,Благоевград,
BG,BG414,Перник,
BG,BG415,Кюстендил,
BG,BG421,Пловдив,
BG,BG422,Хасково,
DE,DE736,Waldeck-Frankenberg,
DE,DE737,Werra-Meißner-Kreis,
DE,DE803,"Rostock,",
DE,DE804,"Schwerin,",
DE,DE80J,Mecklenburgische,
DE,DE80K,Landkreis,
DE,DE80L,Vorpommern-Rügen,
DE,DE80M,Nordwestmecklenburg,
DE,DE80N,Vorpommern-Greifswald,
DE,DE80O,Ludwigslust-Parchim,
DE,DE911,"Braunschweig,",
DE,DE912,"Salzgitter,",
DE,DE913,"Wolfsburg,",
DE,DE914,Gifhorn,
DE,DE916,Goslar,
DE,DE917,Helmstedt,
DE,DE918,Northeim,
DE,DE91A,Peine,
DE,DE91B,Wolfenbüttel,
DE,DE91C,Göttingen,
DE,DE922,Diepholz,
DE,DE923,Hameln-Pyrmont,
DE,DE925,Hildesheim,
DE,DE926,Holzminden,
DE,DE927,Nienburg,
DE,DE928,Schaumburg,
DE,DE40B,Oberspreewald-Lausitz,
DE,DE40C,Oder-Spree,
DE,DE40D,Ostprignitz-Ruppin,
DE,DE40E,Potsdam-Mittelmark,
DE,DE40F,Prignitz,
DE,DE40G,Spree-Neiße,
DE,DE40H,Teltow-Fläming,
DE,DE40I,Uckermark,
DE,DE501,"Bremen,",
DE,DE502,"Bremerhaven,",
DE,DE600,Hamburg,
DE,DE711,"Darmstadt,",
DE,DE712,Frankfurt,
DE,DE713,Offenbach,
DE,DE714,"Wiesbaden,",
DE,DE715,Bergstraße,
DE,DE716,Darmstadt-Dieburg,
DE,DE717,Groß-Gerau,
DE,DE718,Hochtaunuskreis,
DE,DE719,Main-Kinzig-Kreis,
DE,DE71A,Main-Taunus-Kreis,
DE,DE71B,Odenwaldkreis,
DE,DE71C,"Offenbach,",
DE,DE71D,Rheingau-Taunus-Kreis,
DE,DE71E,Wetteraukreis,
DE,DE721,"Gießen,",
DE,DE722,Lahn-Dill-Kreis,
DE,DE723,Limburg-Weilburg,
DE,DE724,Marburg-Biedenkopf,
DE,DE725,Vogelsbergkreis,
DE,DE731,"Kassel,",
DE,DE732,Fulda,
DE,DE929,Region,
DE,DE931,Celle,
DE,DE11A,Schwäbisch,
DE,DE11B,Main-Tauber-Kreis,
DE,DE11C,Heidenheim,
DE,DE11D,Ostalbkreis,
DE,DE121,"Baden-Baden,",
DE,DE122,"Karlsruhe,",
DE,DE123,"Karlsruhe,",
DE,DE124,Rastatt,
DE,DE125,"Heidelberg,",
DE,DE126,"Mannheim,",
DE,DE127,Neckar-Odenwald-Kreis,
DE,DE128,Rhein-Neckar-Kreis,
DE,DE129,"Pforzheim,",
DE,DE12A,Calw,
DE,DE12B,Enzkreis,
DE,DE12C,Freudenstadt,
DE,DE131,Freiburg,
DE,DE132,Breisgau-Hochschwarzwald,
DE,DE133,Emmendingen,
DE,DE134,Ortenaukreis,
DE,DE135,Rottweil,
DE,DE136,Schwarzwald-Baar-Kreis,
DE,DE137,Tuttlingen,
DE,DE138,Konstanz,0.992321733
DE,DE139,Lörrach,0.825278236
DE,DE13A,Waldshut,0.886720177
DE,DE141,Reutlingen,
DE,DE142,"Tübingen,",
DE,DE143,Zollernalbkreis,
DE,DE144,"Ulm,",
DE,DE145,Alb-Donau-Kreis,
DE,DE146,Biberach,
DE,DE147,Bodenseekreis,0.991257033
DE,DE148,Ravensburg,
DE,DE149,Sigmaringen,
DE,DE211,"Ingolstadt,",
DE,DE212,"München,",
DE,DE213,"Rosenheim,",
DE,DE214,Altötting,
DE,DE215,Berchtesgadener,
DE,DE216,Bad,
DE,DE217,Dachau,
DE,DE218,Ebersberg,
DE,DE219,Eichstätt,
DE,DE21A,Erding,
DE,DE21B,Freising,
DE,DE21C,Fürstenfeldbruck,
DE,DE21D,Garmisch-Partenkirchen,
DE,DE21E,Landsberg,
DE,DE21F,Miesbach,
DE,DE21G,Mühldorf,
DE,DE21H,"München,",
DE,DE21I,Neuburg-Schrobenhausen,
DE,DE21J,Pfaffenhofen,
DE,DE21K,"Rosenheim,",
DE,DE21L,Starnberg,
DE,DE21M,Traunstein,
DE,DE21N,Weilheim-Schongau,
DE,DE221,"Landshut,",
DE,DE222,"Passau,",
DE,DE223,"Straubing,",
DE,DE224,Deggendorf,
DE,DE225,Freyung-Grafenau,
DE,DE226,Kelheim,
DE,DE227,"Landshut,",
DE,DE228,"Passau,",
DE,DE229,Regen,
DE,DE22A,Rottal-Inn,
DE,DE22B,Straubing-Bogen,
DE,DE22C,Dingolfing-Landau,
DE,DE231,"Amberg,",
DE,DE232,"Regensburg,",
DE,DE233,Weiden,
CZ,CZ010,Hlavní,1.348019576
CZ,CZ020,Středočeský,0.903183403
CZ,CZ031,Jihočeský,0.988220654
CZ,CZ032,Plzeňský,0.917611054
CZ,CZ041,Karlovarský,0.950015699
CZ,CZ042,Ústecký,0.988532864
CZ,CZ051,Liberecký,2.920559442
CZ,CZ052,Královéhradecký,1.069255053
CZ,CZ053,Pardubický,0.952414708
CZ,CZ063,Kraj,0.949159499
CZ,CZ064,Jihomoravský,1.004098745
CZ,CZ071,Olomoucký,0.924547083
CZ,CZ072,Zlínský,0.908458512
CZ,CZ080,Moravskoslezský,0.900636817
DE,DE111,"Stuttgart,",
DE,DE112,Böblingen,
DE,DE113,Esslingen,
DE,DE114,Göppingen,
DE,DE115,Ludwigsburg,
DE,DE116,Rems-Murr-Kreis,
DE,DE117,"Heilbronn,",
DE,DE118,"Heilbronn,",
DE,DE119,Hohenlohekreis,
DE,DE264,"Aschaffenburg,",
DE,DE265,Bad,
DE,DE266,Rhön-Grabfeld,
DE,DE267,Haßberge,
DE,DE268,Kitzingen,
DE,DE269,Miltenberg,
DE,DE26A,Main-Spessart,
DE,DE26B,"Schweinfurt,",
DE,DE26C,"Würzburg,",
DE,DE271,"Augsburg,",
DE,DE272,"Kaufbeuren,",
DE,DE273,Kempten,
DE,DE274,"Memmingen,",
DE,DE275,Aichach-Friedberg,
DE,DE276,"Augsburg,",
DE,DE277,Dillingen,
DE,DE278,Günzburg,
DE,DE279,Neu-Ulm,
DE,DE27A,Lindau,
DE,DE27B,Ostallgäu,
DE,DE27C,Unterallgäu,
DE,DE27D,Donau-Ries,
DE,DE27E,Oberallgäu,
DE,DE300,Berlin,
DE,DE401,Brandenburg,
DE,DE402,"Cottbus,",
DE,DE403,Frankfurt,
DE,DE404,"Potsdam,",
DE,DE405,Barnim,
DE,DE406,Dahme-Spreewald,
DE,DE407,Elbe-Elster,
DE,DE408,Havelland,
DE,DE409,Märkisch-Oderland,
DE,DE40A,Oberhavel,
DE,DE234,Amberg-Sulzbach,
DE,DE235,Cham,
DE,DE236,Neumarkt,
DE,DE237,Neustadt,
DE,DE238,"Regensburg,",
DE,DE239,Schwandorf,
DE,DE23A,Tirschenreuth,
DE,DE241,"Bamberg,",
DE,DE242,"Bayreuth,",
DE,DE243,"Coburg,",
DE,DE244,"Hof,",
DE,DE245,"Bamberg,",
DE,DE246,"Bayreuth,",
DE,DE247,"Coburg,",
DE,DE248,Forchheim,
DE,DE249,"Hof,",
DE,DE24A,Kronach,
DE,DE24B,Kulmbach,
DE,DE24C,Lichtenfels,
DE,DE24D,Wunsiedel,
DE,DE251,"Ansbach,",
DE,DE252,"Erlangen,",
DE,DE253,"Fürth,",
DE,DE254,"Nürnberg,",
DE,DE255,"Schwabach,",
DE,DE256,"Ansbach,",
DE,DE257,Erlangen-Höchstadt,
DE,DE258,"Fürth,",
DE,DE259,Nürnberger,
DE,DE25A,Neustadt,
DE,DE25B,Roth,
DE,DE25C,Weißenburg-Gunzenhausen,
DE,DE261,"Aschaffenburg,",
DE,DE262,"Schweinfurt,",
DE,DE263,"Würzburg,",
DE,DE932,Cuxhaven,
DE,DE933,Harburg,
DE,DE934,Lüchow-Dannenberg,
DE,DE935,"Lüneburg,",
DE,DE936,Osterholz,
DE,DE937,Rotenburg,
DE,DE938,Heidekreis,
DE,DE939,Stade,
DE,DE93A,Uelzen,
DE,DE93B,Verden,
DE,DE941,"Delmenhorst,",
DE,DE942,"Emden,",
DE,DE943,Oldenburg,
DE,DE944,"Osnabrück,",
DE,DE945,"Wilhelmshaven,",
DE,DE946,Ammerland,
DE,DE947,Aurich,
DE,DE948,Cloppenburg,
DE,DE949,Emsland,
DE,DE94A,Friesland,
DE,DE94B,Grafschaft,
DE,DE94C,Leer,
DE,DE94D,"Oldenburg,",
DE,DE94E,"Osnabrück,",
DE,DE94F,Vechta,
DE,DE94G,Wesermarsch,
DE,DE94H,Wittmund,
DE,DEA11,"Düsseldorf,",
DE,DEA12,"Duisburg,",
DE,DEA13,"Essen,",
DE,DEA14,"Krefeld,",
DE,DE733,Hersfeld-Rotenburg,
DE,DE734,"Kassel,",
DE,DE735,Schwalm-Eder-Kreis,
DE,DEA53,"Hagen,",
DE,DEA54,"Hamm,",
DE,DEA55,"Herne,",
DE,DEA56,Ennepe-Ruhr-Kreis,
DE,DEA57,Hochsauerlandkreis,
DE,DEA58,Märkischer,
DE,DEA59,Olpe,
DE,DEA5A,Siegen-Wittgenstein,
DE,DEA5B,Soest,
DE,DEA5C,Unna,
DE,DEB11,"Koblenz,",
DE,DEB12,Ahrweiler,
DE,DEB13,Altenkirchen,
DE,DEB14,Bad,
DE,DEB15,Birkenfeld,
DE,DEB17,Mayen-Koblenz,
DE,DEB18,Neuwied,
DE,DEB1A,Rhein-Lahn-Kreis,
DE,DEB1B,Westerwaldkreis,
DE,DEB1C,Cochem-Zell,
DE,DEB1D,Rhein-Hunsrück-Kreis,
DE,DEB21,"Trier,",
DE,DEB22,Bernkastel-Wittlich,
DE,DEB23,Eifelkreis,
DE,DEB24,Vulkaneifel,
DE,DEB25,Trier-Saarburg,
DE,DEB31,Frankenthal,
DE,DEB32,"Kaiserslautern,",
DE,DEB33,Landau,
DE,DEB34,Ludwigshafen,
DE,DEB35,"Mainz,",
DE,DEB36,Neustadt,
DE,DEB37,"Pirmasens,",
DE,DEB38,"Speyer,",
DE,DEB39,"Worms,",
DE,DEB3A,"Zweibrücken,",
DE,DEB3B,Alzey-Worms,
DE,DEB3C,Bad,
DE,DEB3D,Donnersbergkreis,
DE,DEB3E,Germersheim,
DE,DEB3F,"Kaiserslautern,",
DE,DEB3G,Kusel,
DE,DEB3H,Südliche,
DE,DEB3I,Rhein-Pfalz-Kreis,
DE,DEB3J,Mainz-Bingen,
DE,DEB3K,Südwestpfalz,
DE,Dec-01,Regionalverband,
DE,Dec-02,Merzig-Wadern,
DE,Dec-03,Neunkirchen,
DE,Dec-04,Saarlouis,
DE,Dec-05,Saarpfalz-Kreis,
DE,Dec-06,St.,
DE,DED21,"Dresden,",
DE,DED2C,Bautzen,
DE,DED2D,Görlitz,
DE,DED2E,Meißen,
DE,DED2F,Sächsische,
DE,DED41,"Chemnitz,",
DE,DED42,Erzgebirgskreis,
DE,DED43,Mittelsachsen,
DE,DED44,Vogtlandkreis,
DE,DED45,Zwickau,
DE,DED51,"Leipzig,",
DE,DED52,Leipzig,
DE,DED53,Nordsachsen,
DE,DEE01,"Dessau-Roßlau,",
DE,DEE02,Halle,
DE,DEE03,"Magdeburg,",
DE,DEE04,Altmarkkreis,
DE,DEE05,Anhalt-Bitterfeld,
DE,DEE06,Jerichower,
DE,DEE07,Börde,
DE,DEE08,Burgenlandkreis,
DE,DEG0E,Hildburghausen,
DE,DEG0F,Ilm-Kreis,
DE,DEG0G,Weimarer,
DE,DEG0H,Sonneberg,
DE,DEG0I,Saalfeld-Rudolstadt,
DE,DEG0J,Saale-Holzland-Kreis,
DE,DEG0K,Saale-Orla-Kreis,
DE,DEG0L,Greiz,
DE,DEG0M,Altenburger,
DE,DEG0N,"Eisenach,",
DE,DEG0P,Wartburgkreis,
DK,DK011,Byen,1.525193605
DK,DK012,Københavns,1.30954986
DK,DK013,Nordsjælland,2.591870926
DK,DK014,Bornholm,0.871170911
DK,DK021,Østsjælland,1.452977974
DK,DK022,Vest-,1.084149106
DK,DK031,Fyn,1.535546716
DK,DK032,Sydjylland,1.506684357
DK,DK041,Vestjylland,1.033420432
DK,DK042,Østjylland,2.385656255
DK,DK050,Nordjylland,1.290673856
EE,EE001,Põhja-Eesti,
EE,EE004,Lääne-Eesti,
EE,EE009,Kesk-Eesti,
EE,EE00A,Kirde-Eesti,
EE,EE008,Lõuna-Eesti,
EL,EL301,Βόρειος,
EL,EL302,Δυτικός,0.580198182
EL,EL303,Κεντρικός,0.787204385
EL,EL304,Νότιος,0.834203544
EL,EL305,Ανατολική,2.172916605
EL,EL306,Δυτική,1.488411508
EL,EL307,"Πειραιάς,",1.132798964
EL,EL411,"Λέσβος,",
EL,EL412,"Ικαρία,",
EL,EL413,Χίος,
EL,EL421,"Κάλυμνος,",
EL,EL422,"Άνδρος,",
EL,EL431,Ηράκλειο,353.5842853
EL,EL432,Λασίθι,0.015581284
EL,EL433,Ρέθυμνο,
EL,EL434,Χανιά,
EL,EL511,Έβρος,
EL,EL512,Ξάνθη,
EL,EL513,Ροδόπη,
EL,EL514,Δράμα,
EL,EL515,"Θάσος,",
EL,EL521,Ημαθία,
EL,EL522,Θεσσαλονίκη,3.248521462
EL,EL523,Κιλκίς,
DE,DEA15,"Mönchengladbach,",
DE,DEE09,Harz,
DE,DEE0A,Mansfeld-Südharz,
DE,DEE0B,Saalekreis,
DE,DEE0C,Salzlandkreis,
DE,DEE0D,Stendal,
DE,DEE0E,Wittenberg,
DE,DEF01,"Flensburg,",
DE,DEF02,"Kiel,",
DE,DEF03,"Lübeck,",
DE,DEF04,"Neumünster,",
DE,DEF05,Dithmarschen,
DE,DEF06,Herzogtum,
DE,DEF07,Nordfriesland,
DE,DEF08,Ostholstein,
DE,DEF09,Pinneberg,
DE,DEF0A,Plön,
DE,DEF0B,Rendsburg-Eckernförde,
DE,DEF0C,Schleswig-Flensburg,
DE,DEF0D,Segeberg,
DE,DEF0E,Steinburg,
DE,DEF0F,Stormarn,
DE,DEG01,"Erfurt,",
DE,DEG02,"Gera,",
DE,DEG03,"Jena,",
DE,DEG04,"Suhl,",
DE,DEG05,"Weimar,",
DE,DEG06,Eichsfeld,
DE,DEG07,Nordhausen,
DE,DEG09,Unstrut-Hainich-Kreis,
DE,DEG0A,Kyffhäuserkreis,
DE,DEG0B,Schmalkalden-Meiningen,
DE,DEG0C,Gotha,
DE,DEG0D,Sömmerda,
DE,DEA16,Mülheim,
DE,DEA17,"Oberhausen,",
DE,DEA18,"Remscheid,",
DE,DEA19,"Solingen,",
DE,DEA1A,"Wuppertal,",
DE,DEA1B,Kleve,
DE,DEA1C,Mettmann,
DE,DEA1D,Rhein-Kreis,
DE,DEA1E,Viersen,
DE,DEA1F,Wesel,
DE,DEA22,"Bonn,",
DE,DEA23,"Köln,",
DE,DEA24,"Leverkusen,",
DE,DEA26,Düren,
DE,DEA27,Rhein-Erft-Kreis,
DE,DEA28,Euskirchen,
DE,DEA29,Heinsberg,
DE,DEA2A,Oberbergischer,
DE,DEA2B,Rheinisch-Bergischer,
DE,DEA2C,Rhein-Sieg-Kreis,
DE,DEA2D,Städteregion,
DE,DEA31,"Bottrop,",
DE,DEA32,"Gelsenkirchen,",
DE,DEA33,"Münster,",
DE,DEA34,Borken,
DE,DEA35,Coesfeld,
DE,DEA36,Recklinghausen,
DE,DEA37,Steinfurt,
DE,DEA38,Warendorf,
DE,DEA41,"Bielefeld,",
DE,DEA42,Gütersloh,
DE,DEA43,Herford,
DE,DEA44,Höxter,
DE,DEA45,Lippe,
DE,DEA46,Minden-Lübbecke,
DE,DEA47,Paderborn,
DE,DEA51,"Bochum,",
DE,DEA52,"Dortmund,",
FI,FI1C4,Kymenlaakso,0.999795195
FI,FI1C5,Etelä-Karjala,1.4333104
FI,FI1D1,Etelä-Savo,0.98831652
FI,FI1D2,Pohjois-Savo,0.98992209
FI,FI1D3,Pohjois-Karjala,0.845936565
FI,FI1D5,Keski-Pohjanmaa,1.226726594
FI,FI1D7,Lappi,0.875033939
FI,FI1D8,Kainuu,1.124589969
FI,FI1D9,Pohjois-Pohjanmaa,1.264990884
FI,FI200,Åland,
FR,FR101,Paris,0.687695026
EL,EL524,Πέλλα,
FI,FI193,Keski-Suomi,1.238675567
FI,FI194,Etelä-Pohjanmaa,1.505009898
FI,FI195,Pohjanmaa,1.267109108
FI,FI196,Satakunta,1.24775346
FI,FI197,Pirkanmaa,2.528573539
FI,FI1B1,Helsinki-Uusimaa,1.19690967
FI,FI1C1,Varsinais-Suomi,1.384069105
FI,FI1C2,Kanta-Häme,1.99392528
FI,FI1C3,Päijät-Häme,1.734280753
EL,EL642,Εύβοια,
EL,EL643,Ευρυτανία,
EL,EL644,Φθιώτιδα,
EL,EL645,Φωκίδα,
EL,EL651,"Αργολίδα,",
EL,EL652,Κορινθία,1.147428001
EL,EL653,"Λακωνία,",
ES,ES111,A,0.829600927
ES,ES112,Lugo,0.958501395
ES,ES113,Ourense,0.915447007
ES,ES114,Pontevedra,0.614922668
ES,ES120,Asturias,1.551984641
ES,ES130,Cantabria,1.021834418
ES,ES211,Araba/Álava,12.62525867
ES,ES212,Gipuzkoa,1.214926605
ES,ES213,Bizkaia,1.323214921
ES,ES220,Navarra,2.511124748
ES,ES230,La,0.866281793
ES,ES241,Huesca,1.604323639
ES,ES242,Teruel,1.591909285
ES,ES243,Zaragoza,1.205002568
ES,ES300,Madrid,1.267056966
ES,ES411,Ávila,5.363163853
ES,ES412,Burgos,2.050308487
ES,ES413,León,1.134326566
ES,ES414,Palencia,0.946627521
ES,ES415,Salamanca,0.95754222
ES,ES416,Segovia,13.75804158
ES,ES417,Soria,0.895761925
ES,ES418,Valladolid,0.894615015
ES,ES419,Zamora,1.010411442
EL,EL525,Πιερία,
EL,EL526,Σέρρες,
EL,EL527,Χαλκιδική,
EL,EL531,"Γρεβενά,",
EL,EL532,Καστοριά,
EL,EL533,Φλώρινα,
EL,EL541,"Άρτα,",
EL,EL542,Θεσπρωτία,
EL,EL543,Ιωάννινα,
EL,EL611,"Καρδίτσα,",
EL,EL612,Λάρισα,
EL,EL613,"Μαγνησία,",1.653715198
EL,EL621,Ζάκυνθος,4.530840577
EL,EL622,Κέρκυρα,
EL,EL623,"Ιθάκη,",
EL,EL624,Λευκάδα,
EL,EL631,Αιτωλοακαρνανία,
EL,EL632,Αχαΐα,1.01165525
EL,EL633,Ηλεία,
EL,EL641,Βοιωτία,
ES,ES531,Eivissa,2.813936926
ES,ES532,Mallorca,5.743401832
ES,ES533,Menorca,3.099235109
ES,ES611,Almería,1.554600471
ES,ES612,Cádiz,0.83622561
ES,ES613,Córdoba,0.91749896
ES,ES614,Granada,0.686665908
ES,ES615,Huelva,0.59277881
ES,ES616,Jaén,0.907950971
ES,ES617,Málaga,0.860637587
ES,ES618,Sevilla,1.104118778
ES,ES620,Murcia,0.900334642
ES,ES630,Ceuta,
ES,ES640,Melilla,0.969733967
HU,HU321,Hajdú-Bihar,
HU,HU322,Jász-Nagykun-Szolnok,
ES,ES421,Albacete,1.192778114
ES,ES422,Ciudad,0.938637796
ES,ES423,Cuenca,0.908032714
ES,ES424,Guadalajara,0.896620792
ES,ES425,Toledo,0.914737773
ES,ES431,Badajoz,1.261599395
ES,ES432,Cáceres,1.30590291
ES,ES511,Barcelona,1.368565216
ES,ES512,Girona,0.947012389
ES,ES513,Lleida,0.991706551
ES,ES514,Tarragona,0.917503576
ES,ES521,Alicante/Alacant,2.384922651
ES,ES522,Castellón/Castelló,0.878285965
ES,ES523,Valencia/València,0.861392576
HR,HR022,Virovitičko-podravska,
FR,FR102,Seine-et-Marne,2.240003457
FR,FR103,Yvelines,1.616460432
FR,FR104,Essonne,1.873642483
FR,FR105,Hauts-de-Seine,0.922004085
FR,FR106,Seine-Saint-Denis,1.294283587
FR,FR107,Val-de-Marne,1.053360196
FR,FR108,Val-d’Oise,1.819771259
FR,FRB01,Cher,1.549388384
FR,FRB02,Eure-et-Loir,3.456136525
FR,FRB03,Indre,4.460987119
FR,FRB04,Indre-et-Loire,0.846200852
FR,FRB05,Loir-et-Cher,1.174660716
FR,FRB06,Loiret,0.835542062
FR,FRC11,Côte-d’Or,0.965587444
FR,FRC12,Nièvre,2.004968357
FR,FRC13,Saône-et-Loire,0.935421545
FR,FRC14,Yonne,1.022484648
FR,FRC21,Doubs,1.081363437
FR,FRC22,Jura,0.910408028
FR,FRC23,Haute-Saône,2.933546628
FR,FRC24,Territoire,1.236447573
FR,FRD11,Calvados,4.578654095
FR,FRG02,Maine-et-Loire,0.871205236
FR,FRG03,Mayenne,4.224730096
FR,FRG04,Sarthe,0.922624613
FR,FRG05,Vendée,1.170472322
FR,FRH01,Côtes-d’Armor,5.154540378
FR,FRH02,Finistère,2.670945952
FR,FRH03,Ille-et-Vilaine,2.548399263
FR,FRH04,Morbihan,2.016756307
FR,FRI11,Dordogne,1.75388183
FR,FRI12,Gironde,0.898721104
FR,FRI13,Landes,1.404918067
FR,FRI14,Lot-et-Garonne,0.844544809
FR,FRI15,Pyrénées-Atlantiques,0.918080114
FR,FRI21,Corrèze,1.480625398
FR,FRI22,Creuse,5.045173119
FR,FRI23,Haute-Vienne,0.943437845
FR,FRI31,Charente,1.91077833
FR,FRI32,Charente-Maritime,1.521104468
FR,FRI33,Deux-Sèvres,0.919809044
FR,FRI34,Vienne,1.414358104
FR,FRJ11,Aude,0.746140186
FR,FRJ12,Gard,0.849735513
FR,FRJ13,Hérault,0.766441604
FR,FRJ14,Lozère,4.829302524
FR,FRJ15,Pyrénées-Orientales,0.995015465
FR,FRJ21,Ariège,1.44669106
FR,FRJ22,Aveyron,2.249259561
FR,FRJ23,Haute-Garonne,0.868860325
FR,FRJ24,Gers,5.507229966
FR,FRJ25,Lot,1.022614164
FR,FRJ26,Hautes-Pyrénées,4.543996212
FR,FRJ27,Tarn,0.797236789
FR,FRJ28,Tarn-et-Garonne,0.774573955
FR,FRK11,Allier,0.860134831
FR,FRK12,Cantal,0.97889815
FR,FRK13,Haute-Loire,2.573025697
HR,HR031,Primorsko-goranska,
HR,HR032,Ličko-senjska,
HR,HR033,Zadarska,
HR,HR034,Šibensko-kninska,
HR,HR035,Splitsko-dalmatinska,
HR,HR036,Istarska,
HR,HR037,Dubrovačko-neretvanska,
HR,HR050,Grad,0.844514514
HR,HR065,Zagrebačka,
HR,HR064,Krapinsko-zagorska,
HR,HR062,Varaždinska,
HR,HR063,Koprivničko-križevačka,
HR,HR061,Međimurska,
HR,HR021,Bjelovarsko-bilogorska,
HR,HR023,Požeško-slavonska,
HR,HR024,Brodsko-posavska,
HR,HR025,Osječko-baranjska,
HR,HR026,Vukovarsko-srijemska,
HR,HR027,Karlovačka,
HR,HR028,Sisačko-moslavačka,
HU,HU110,Budapest,
HU,HU120,Pest,
HU,HU211,Fejér,
HU,HU212,Komárom-Esztergom,
HU,HU213,Veszprém,
HU,HU221,Győr-Moson-Sopron,
HU,HU222,Vas,
HU,HU223,Zala,
HU,HU231,Baranya,
HU,HU232,Somogy,
HU,HU233,Tolna,
HU,HU311,Borsod-Abaúj-Zemplén,
HU,HU312,Heves,
HU,HU313,Nógrád,
LT,LT025,Panevėžio,
LT,LT026,Šiaulių,
HU,HU323,Szabolcs-Szatmár-Bereg,
HU,HU331,Bács-Kiskun,
HU,HU332,Békés,
HU,HU333,Csongrád,
IE,IE041,Border,2.555905672
IE,IE042,West,0.742284272
IE,IE051,Mid-West,1.257560084
IE,IE052,South-East,1.496462087
IE,IE053,South-West,1.463470088
IE,IE061,Dublin,1.466827251
IE,IE062,Mid-East,2.601654689
IE,IE063,Midland,2.493014242
FR,FRD12,Manche,5.587446881
FR,FRD13,Orne,14.6369807
FR,FRD21,Eure,1.22760733
IT,ITF65,Reggio,4.280792574
FR,FRK14,Puy-de-Dôme,0.999834949
FR,FRK21,Ain,1.007112714
FR,FRK22,Ardèche,0.885198711
FR,FRK23,Drôme,0.967227072
FR,FRK24,Isère,1.139208377
FR,FRK25,Loire,0.960887805
FR,FRK26,Rhône,1.359332792
FR,FRK27,Savoie,2.250159475
FR,FRK28,Haute-Savoie,2.349319068
FR,FRL01,Alpes-de-Haute-Provence,0.896694603
FR,FRL02,Hautes-Alpes,1.310763176
FR,FRL03,Alpes-Maritimes,0.930172599
FR,FRL04,Bouches-du-Rhône,1.589739666
FR,FRL05,Var,1.228327764
FR,FRL06,Vaucluse,1.204825206
FR,FRM01,Corse-du-Sud,1.221250152
FR,FRM02,Haute-Corse,1.536771836
FR,FRD22,Seine-Maritime,2.861941692
FR,FRE11,Nord,1.966307687
FR,FRE12,Pas-de-Calais,2.462822407
FR,FRE21,Aisne,3.511589932
FR,FRE22,Oise,2.212280519
FR,FRE23,Somme,2.999645193
FR,FRF11,Bas-Rhin,0.797432025
FR,FRF12,Haut-Rhin,1.081155587
FR,FRF21,Ardennes,1.876825788
FR,FRF22,Aube,1.718101136
FR,FRF23,Marne,1.16953229
FR,FRF24,Haute-Marne,1.255717306
FR,FRF31,Meurthe-et-Moselle,0.865638774
FR,FRF32,Meuse,2.962480928
FR,FRF33,Moselle,0.972334051
FR,FRF34,Vosges,3.139834214
FR,FRG01,Loire-Atlantique,0.798598861
NL,NL133,Zuidwest-Drenthe,1.342044541
NL,NL211,Noord-Overijssel,0.99308475
NL,NL212,Zuidwest-Overijssel,2.308563299
NL,NL213,Twente,14.72016663
NL,NL221,Veluwe,1.475843682
NL,NL224,Zuidwest-Gelderland,0.964197258
NL,NL225,Achterhoek,4.160272789
NL,NL226,Arnhem/Nijmegen,1.244374115
NL,NL230,Flevoland,0.929754312
NL,NL310,Utrecht,1.010106255
NL,NL321,Kop,3.631763137
NL,NL323,IJmond,1.324320461
NL,NL324,Agglomeratie,2.169442788
NL,NL325,Zaanstreek,0.973858256
NL,NL327,Het,0.989563785
NL,NL328,Alkmaar,1.107143706
NL,NL329,Groot-Amsterdam,0.973397952
NL,NL332,Agglomeratie,0.984645518
NL,NL333,Delft,0.878002013
NL,NL337,Agglomeratie,0.980040767
IT,ITC11,Torino,1.079916193
IT,ITC12,Vercelli,1.018034974
IT,ITC13,Biella,
LT,LT027,Tauragės,
LT,LT028,Telšių,
LT,LT029,Utenos,
LU,LU000,Luxembourg,2.074556443
LV,LV003,Kurzeme,
LV,LV005,Latgale,
LV,LV006,Rīga,
LV,LV007,Pierīga,
LV,LV008,Vidzeme,
LV,LV009,Zemgale,
NL,NL33A,Zuidoost-Zuid-Holland,0.956691501
NL,NL33B,Oost-Zuid-Holland,0.909564823
NL,NL33C,Groot-Rijnmond,0.978556719
NL,NL341,Zeeuwsch-Vlaanderen,0.967547343
IT,ITC49,Lodi,
IT,ITC4A,Cremona,0.996936818
IT,ITC4B,Mantova,1.000827742
IT,ITC4C,Milano,
IT,ITC4D,Monza,
IT,ITF11,L’Aquila,1.056712786
IT,ITF12,Teramo,1.012839282
IT,ITF13,Pescara,
IT,ITF14,Chieti,
IT,ITF21,Isernia,
IT,ITF22,Campobasso,
IT,ITF31,Caserta,0.838697076
IT,ITF32,Benevento,
IT,ITF33,Napoli,0.94610786
IT,ITF34,Avellino,
IT,ITF35,Salerno,0.889283975
IT,ITF43,Taranto,0.955765359
IT,ITF44,Brindisi,
IT,ITF45,Lecce,36.57361733
IT,ITF46,Foggia,0.989822389
IT,ITF47,Bari,0.985002611
IT,ITF48,Barletta-Andria-Trani,
IT,ITF51,Potenza,
IT,ITF52,Matera,
IT,ITF61,Cosenza,1.003416113
IT,ITF62,Crotone,1.069138834
IT,ITF63,Catanzaro,1.068138531
IT,ITF64,Vibo,4.945915152
IT,ITG11,Trapani,2.149218106
IT,ITG12,Palermo,1.031905335
IT,ITG13,Messina,1.228227257
IT,ITG14,Agrigento,1.09605714
IT,ITG15,Caltanissetta,1.215927302
IT,ITG16,Enna,1.095047707
IT,ITG17,Catania,1.077203505
IT,ITG18,Ragusa,1.208054024
IT,ITG19,Siracusa,1.107197965
IT,ITG2D,Sassari,1.006851673
IT,ITG2E,Nuoro,0.97892923
IT,ITG2H,Sud,4.071991762
IT,ITG2G,Oristano,0.9188805
IT,ITH10,Bolzano-Bozen,
IT,ITH20,Trento,
IT,ITH31,Verona,
IT,ITH32,Vicenza,1.094897719
IT,ITC14,Verbano-Cusio-Ossola,1.024291282
IT,ITC15,Novara,1.010183326
IT,ITC16,Cuneo,1.119779363
IT,ITC17,Asti,
IT,ITC18,Alessandria,1.069376076
IT,ITC20,Valle,1.050708302
IT,ITC31,Imperia,
IT,ITC32,Savona,
IT,ITC33,Genova,
IT,ITC34,La,
IT,ITC41,Varese,
IT,ITC42,Como,3.891747675
IT,ITC43,Lecco,
IT,ITC44,Sondrio,
IT,ITC46,Bergamo,3.34991058
IT,ITC47,Brescia,1.790903425
IT,ITC48,Pavia,0.943861773
IT,ITI17,Pisa,
IT,ITI18,Arezzo,
IT,ITI19,Siena,
IT,ITI1A,Grosseto,
IT,ITI21,Perugia,1.424668249
IT,ITI22,Terni,
IT,ITI31,Pesaro,1.001747114
IT,ITI32,Ancona,0.994324568
IT,ITI33,Macerata,1.005024134
IT,ITI34,Ascoli,1.011680398
IT,ITI35,Fermo,0.995989952
IT,ITI41,Viterbo,
IT,ITI42,Rieti,
IT,ITI43,Roma,1.137538058
IT,ITI44,Latina,0.991631138
IT,ITI45,Frosinone,
LT,LT011,Vilniaus,
LT,LT021,Alytaus,
LT,LT022,Kauno,
LT,LT023,Klaipėdos,
LT,LT024,Marijampolės,
PL,PL213,Miasto,
PL,PL214,Krakowski,
PL,PL217,Tarnowski,
PL,PL218,Nowosądecki,
PL,PL219,Nowotarski,
PL,PL225,Bielski,
PL,PL227,Rybnicki,
PL,PL228,Bytomski,
PL,PL229,Gliwicki,5.461941221
PL,PL22A,Katowicki,0.604657888
IT,ITH33,Belluno,
IT,ITH34,Treviso,0.966159314
IT,ITH35,Venezia,0.984323028
IT,ITH36,Padova,
IT,ITH37,Rovigo,
IT,ITH41,Pordenone,1.295036379
IT,ITH42,Udine,0.994815462
IT,ITH43,Gorizia,0.93943434
IT,ITH44,Trieste,1.160375926
IT,ITH51,Piacenza,0.939974289
IT,ITH52,Parma,0.991302169
IT,ITH53,Reggio,0.949448826
IT,ITH54,Modena,1.014718656
IT,ITH55,Bologna,1.063592189
IT,ITH56,Ferrara,0.996378909
IT,ITH57,Ravenna,1.008823519
IT,ITH58,Forlì-Cesena,1.46001836
IT,ITH59,Rimini,1.002424868
IT,ITI11,Massa-Carrara,0.995590722
IT,ITI12,Lucca,
IT,ITI13,Pistoia,
IT,ITI14,Firenze,
IT,ITI15,Prato,
IT,ITI16,Livorno,0.988407138
NL,NL342,Overig,1.068649493
NL,NL411,West-Noord-Brabant,1.174329139
NL,NL412,Midden-Noord-Brabant,1.484760545
NL,NL413,Noordoost-Noord-Brabant,1.055408598
NL,NL414,Zuidoost-Noord-Brabant,3.565143193
NL,NL421,Noord-Limburg,3.899071771
NL,NL422,Midden-Limburg,1.296655746
NL,NL423,Zuid-Limburg,1.370842732
NL,NL111,Oost-Groningen,1.089453457
NL,NL112,Delfzijl,1.478837042
NL,NL113,Overig,1.046915488
NL,NL124,Noord-Friesland,0.990228029
NL,NL125,Zuidwest-Friesland,1.48192441
NL,NL126,Zuidoost-Friesland,1.660872688
NL,NL131,Noord-Drenthe,1.687894035
NL,NL132,Zuidoost-Drenthe,1.903430564
SK,SK032,Banskobystrický,0.992770457
SK,SK041,Prešovský,1.005579458
SK,SK042,Košický,1.028281084
PL,PL22B,Sosnowiecki,
PL,PL22C,Tyski,
PL,PL411,Pilski,
PL,PL414,Koniński,
PL,PL415,Miasto,
SE,SE110,Stockholms,0.838133315
SE,SE121,Uppsala,1.527119266
SE,SE122,Södermanlands,1.76961988
SE,SE123,Östergötlands,2.2465664
SE,SE124,Örebro,1.603252258
PL,PL515,Jeleniogórski,
PL,PL516,Legnicko-głogowski,
PL,PL517,Wałbrzyski,
PL,PL518,Wrocławski,
PL,PL523,Nyski,
PL,PL524,Opolski,
PL,PL613,Bydgosko-toruński,
PL,PL616,Grudziądzki,
PL,PL617,Inowrocławski,
PL,PL618,Świecki,
PL,PL619,Włocławski,
PL,PL621,Elbląski,
PL,PL622,Olsztyński,
PL,PL623,Ełcki,
PL,PL633,Trójmiejski,
PL,PL634,Gdański,
PL,PL636,Słupski,
PL,PL637,Chojnicki,
PL,PL638,Starogardzki,
PL,PL711,Miasto,1.18586888
PL,PL712,Łódzki,
PL,PL713,Piotrkowski,
PL,PL714,Sieradzki,
PL,PL715,Skierniewicki,
PL,PL721,Kielecki,
PL,PL722,Sandomiersko-jędrzejowski,
PL,PL811,Bialski,
PL,PL812,Chełmsko-zamojski,
PL,PL814,Lubelski,
PL,PL815,Puławski,
PL,PL821,Krośnieński,
PL,PL822,Przemyski,
PL,PL823,Rzeszowski,
PL,PL824,Tarnobrzeski,
PL,PL841,Białostocki,
PL,PL842,Łomżyński,
PL,PL843,Suwalski,
PL,PL911,Miasto,1.115257673
PL,PL912,Warszawski,
PL,PL416,Kaliski,
PL,PL417,Leszczyński,
PL,PL418,Poznański,
PL,PL424,Miasto,
PL,PL426,Koszaliński,
PL,PL427,Szczecinecko-pyrzycki,
PL,PL428,Szczeciński,
PL,PL431,Gorzowski,
PL,PL432,Zielonogórski,
PL,PL514,Miasto,
PL,PL21A,Oświęcimski,
PL,PL224,Częstochowski,
SI,SI044,Obalno-kraška,5.971426598
SK,SK010,Bratislavský,0.86857205
SK,SK021,Trnavský,0.974067187
SK,SK022,Trenčiansky,1.027751872
SK,SK023,Nitriansky,0.980310401
SK,SK031,Žilinský,1.150574257
PT,PT16F,Região,1.110869603
PT,PT16G,Viseu,0.902023459
PT,PT16H,Beira,0.938699042
PT,PT16I,Médio,0.996506139
PT,PT16J,Beiras,1.027030232
PT,PT170,Área,1.453143894
PT,PT181,Alentejo,2.084330335
PT,PT184,Baixo,1.017817981
PT,PT185,Lezíria,0.959242884
PT,PT186,Alto,1.02549766
PT,PT187,Alentejo,0.914696945
SE,SE313,Gävleborgs,1.306284972
RO,RO126,Sibiu,
RO,RO211,Bacău,
RO,RO212,Botoşani,
RO,RO213,Iaşi,
RO,RO214,Neamţ,
RO,RO215,Suceava,
RO,RO216,Vaslui,
RO,RO221,Brăila,
RO,RO222,Buzău,
RO,RO223,Constanţa,
RO,RO224,Galaţi,
RO,RO225,Tulcea,
RO,RO226,Vrancea,
RO,RO311,Argeş,
RO,RO312,Călăraşi,
RO,RO313,Dâmboviţa,
RO,RO314,Giurgiu,
RO,RO315,Ialomiţa,
RO,RO316,Prahova,
RO,RO317,Teleorman,
RO,RO321,Bucureşti,
RO,RO322,Ilfov,
RO,RO411,Dolj,
RO,RO412,Gorj,
RO,RO413,Mehedinţi,
RO,RO414,Olt,
RO,RO415,Vâlcea,
RO,RO421,Arad,
RO,RO422,Caraş-Severin,
RO,RO423,Hunedoara,
RO,RO424,Timiş,
UK,UKF11,Derby,0.969748685
UK,UKF12,East,1.449568783
UK,UKF13,South,0.784440534
UK,UKF14,Nottingham,1.033498444
UK,UKF15,North,1.409810562
UK,UKF16,South,1.054578007
UK,UKF21,Leicester,0.928557689
UK,UKF22,Leicestershire,0.859478093
UK,UKF24,West,2.001050987
UK,UKF25,North,8.04679001
UK,UKF30,Lincolnshire,1.786343717
UK,UKG11,"Herefordshire,",1.098637749
UK,UKG12,Worcestershire,0.839007015
UK,UKG13,Warwickshire,1.604551234
UK,UKG21,Telford,0.809921146
UK,UKG22,Shropshire,0.967697254
UK,UKG23,Stoke-on-Trent,
UK,UKG24,Staffordshire,1.060442071
UK,UKG31,Birmingham,
RO,RO111,Bihor,
RO,RO112,Bistriţa-Năsăud,
RO,RO113,Cluj,
RO,RO114,Maramureş,
RO,RO115,Satu,
RO,RO116,Sălaj,
RO,RO121,Alba,
RO,RO122,Braşov,
RO,RO123,Covasna,
RO,RO124,Harghita,
RO,RO125,Mureş,
SE,SE125,Västmanlands,1.431354051
SE,SE211,Jönköpings,1.896610762
SE,SE212,Kronobergs,1.482821191
SE,SE213,Kalmar,1.730779726
SE,SE214,Gotlands,2.401867104
SE,SE221,Blekinge,2.199682807
SE,SE224,Skåne,2.798267247
SE,SE231,Hallands,2.1702279
SE,SE232,Västra,0.830835379
SE,SE311,Värmlands,0.819635605
SE,SE312,Dalarnas,0.927288129
SI,SI041,Osrednjeslovenska,0.964697116
SI,SI042,Gorenjska,1.042765965
SI,SI043,Goriška,1.069012908
UK,UKG32,Solihull,
UK,UKG33,Coventry,
UK,UKG36,Dudley,
UK,UKG37,Sandwell,
UK,UKG38,Walsall,
UK,UKG39,Wolverhampton,
UK,UKH11,Peterborough,1.867304313
UK,UKH12,Cambridgeshire,1.607182629
UK,UKH14,Suffolk,7.707334071
UK,UKH15,Norwich,1.202426523
UK,UKH16,North and,2.355421363
UK,UKH17,Breckland,7.180572491
UK,UKH21,Luton,
UK,UKH23,Hertfordshire,3.339621572
UK,UKH24,Bedford,0.949024372
SE,SE321,Västernorrlands,1.424322997
SE,SE322,Jämtlands,1.816228379
SE,SE331,Västerbottens,1.614917028
SE,SE332,Norrbottens,1.414235841
SI,SI031,Pomurska,0.943956387
SI,SI032,Podravska,0.974264229
SI,SI033,Koroška,0.947254114
SI,SI034,Savinjska,0.88980228
SI,SI035,Zasavska,0.900361131
SI,SI036,Posavska,0.894367726
SI,SI037,Jugovzhodna,2.078717112
SI,SI038,Primorsko-notranjska,
PL,PL913,Warszawski,
PL,PL921,Radomski,
PL,PL922,Ciechanowski,
PL,PL923,Płocki,
PL,PL924,Ostrołęcki,
PL,PL925,Siedlecki,
PL,PL926,Żyrardowski,
PT,PT111,Alto,0.965740605
PT,PT112,Cávado,0.951434126
PT,PT119,Ave,0.895492034
PT,PT11A,Área,0.904904361
PT,PT11B,Alto,
PT,PT11C,Tâmega,1.427456884
PT,PT11D,Douro,
PT,PT11E,Terras,
PT,PT150,Algarve,0.782093208
PT,PT16B,Oeste,14.62568494
PT,PT16D,Região,0.642471329
PT,PT16E,Região,1.017491721
UK,UKC11,Hartlepool,1.374096633
UK,UKC12,South,1.383969088
UK,UKC13,Darlington,
UK,UKC14,Durham,1.371503755
UK,UKC21,Northumberland,3.295069298
UK,UKC22,Tyneside,1.008721443
UK,UKC23,Sunderland,0.583017266
UK,UKD11,West,8.385871315
UK,UKD12,East,1.375270505
UK,UKD33,Manchester,
UK,UKD34,Greater,2.212521295
UK,UKD35,Greater,
UK,UKD36,Greater,2.10651562
UK,UKD37,Greater,
UK,UKD41,Blackburn,
UK,UKD42,Blackpool,
UK,UKD44,Lancaster,2.046970567
UK,UKD45,Mid,1.01222164
UK,UKD46,East,
UK,UKD47,Chorley,0.77744681
UK,UKD61,Warrington,1.000796168
UK,UKD62,Cheshire,
UK,UKD63,Cheshire,0.827257936
UK,UKD71,East,0.595049187
UK,UKD72,Liverpool,
UK,UKD73,Sefton,0.779632855
UK,UKD74,Wirral,1.125447783
UK,UKE11,Kingston,0.802847078
UK,UKE12,East,1.250383951
UK,UKE13,North,3.720814015
UK,UKE21,York,0.999735169
UK,UKH25,Central,11.98210199
UK,UKH31,Southend-on-Sea,0.83183738
UK,UKH32,Thurrock,1.60528009
UK,UKH34,Essex,7.380205951
UK,UKH35,West,1.436022666
UK,UKH36,Heart,47.59485517
UK,UKH37,Essex,0.228785242
UK,UKI31,Camden,1.019980101
UK,UKI32,Westminster,1.722317387
UK,UKI33,Kensington,1.075186676
UK,UKI34,Wandsworth,1.118137681
UK,UKI41,Hackney,1.160200611
UK,UKI42,Tower,1.2773192
UK,UKI43,Haringey,0.643625658
UK,UKI44,Lewisham,0.787873817
UK,UKI45,Lambeth,0.985149004
UK,UKI51,Bexley,1.930903956
UK,UKI52,Barking,2.057598203
UK,UKI53,Redbridge,3.508203765
UK,UKI54,Enfield,1.982560425
UK,UKI61,Bromley,
UK,UKI62,Croydon,
UK,UKI63,"Merton,",
UK,UKI71,Barnet,
UK,UKI72,Brent,
UK,UKI73,Ealing,
UK,UKI74,Harrow,
UK,UKI75,Hounslow,1.676872559
UK,UKJ11,Berkshire,0.927723963
UK,UKJ12,Milton,0.955211996
UK,UKJ13,Buckinghamshire,0.827210928
UK,UKJ14,Oxfordshire,0.883523726
UK,UKJ21,Brighton,0.557455222
UK,UKJ22,East,1.502916002
UK,UKJ25,West,0.826127187
UK,UKJ26,East,
UK,UKJ27,West,11.67712259
UK,UKJ28,West,51.53736604
UK,UKE22,North,1.119887568
UK,UKE31,"Barnsley,",4.198620422
UK,UKE32,Sheffield,
UK,UKE41,Bradford,
UK,UKE42,Leeds,0.597248555
UK,UKE44,Calderdale,1.433257127
UK,UKE45,Wakefield,1.600776071
UK,UKL17,Bridgend,1.567905984
UK,UKL18,Swansea,1.696260349
UK,UKL21,Monmouthshire,1.43737783
UK,UKL22,Cardiff,2.797138115
UK,UKL23,Flintshire,0.932221497
UK,UKL24,Powys,41.01107466
UK,UKM50,Aberdeen,2.655260426
UK,UKM61,Caithness,20.63735948
UK,UKM62,Inverness,5.07195053
UK,UKM63,"Lochaber,",3.668648813
UK,UKM64,Na,1.795906966
UK,UKM71,Angus,2.216226068
UK,UKM72,Clackmannanshire,1.664798655
UK,UKM73,East,1.287698764
UK,UKM75,"Edinburgh,",0.924340863
UK,UKM76,Falkirk,1.945173051
UK,UKM77,Perth,0.889566372
UK,UKM78,West,0.742645007
UK,UKM81,East,1.345786302
UK,UKM82,Glasgow,0.783832336
UK,UKM83,"Inverclyde,",1.417955682
UK,UKM84,North,1.315225352
UK,UKM91,Scottish,3.168356402
UK,UKM92,Dumfries,3.306594935
UK,UKM93,East,2.976500579
UK,UKM94,South,2.38730871
UK,UKM95,South,0.933307209
UK,UKN06,Belfast,1.013202389
UK,UKN07,Armagh,0.884238297
UK,UKN08,"Newry,",7.316672954
UK,UKN09,Ards,
UK,UKN0A,Derry,2.418885257
UK,UKN0B,Mid,2.154549877
UK,UKN0C,Causeway,0.662247625
UK,UKN0D,Antrim,
UK,UKN0E,Lisburn,
UK,UKN0F,Mid,9.166696382
UK,UKN0G,Fermanagh,4.780992603
UK,UKM65,Orkney,
UK,UKM66,Shetland,
UK,UKJ31,Portsmouth,1.177676751
UK,UKJ32,Southampton,1.706116077
UK,UKJ34,Isle,0.802422755
UK,UKJ35,South,1.700432111
UK,UKJ36,Central,0.682196472
UK,UKJ37,North,
UK,UKJ41,Medway,4.016161766
UK,UKJ43,Kent,1.977209823
UK,UKJ44,East,2.265808842
UK,UKJ45,Mid,3.371905024
UK,UKJ46,West,5.861088245
UK,UKK11,"Bristol,",1.270522139
UK,UKK12,Bath,2.131451054
UK,UKK13,Gloucestershire,1.821422933
UK,UKK14,Swindon,
UK,UKK15,Wiltshire,4.666141915
UK,UKK24,"Bournemouth,",1.808273617
UK,UKK25,Dorset,3.021208334
UK,UKK23,Somerset,2.742489048
UK,UKK30,Cornwall,1.913111963
UK,UKK41,Plymouth,1.2072356
UK,UKK42,Torbay,
UK,UKK43,Devon,2.5678887
UK,UKL11,Isle,1.428879583
UK,UKL12,Gwynedd,3.570999054
UK,UKL13,Conwy,2.713431666
UK,UKL14,South,2.699496079
UK,UKL15,Central,
UK,UKL16,Gwent,
IT,ITG2F,Cagliari,0.924967635
BE,BE329,Arr.,