CNTR_CODE,NUTS_ID,NUTS_NAME,Panel C
BG,BG423,Пазарджик,
BG,BG424,Смолян,
BG,BG425,Кърджали,
AT,AT111,Mittelburgenland,
AT,AT112,Nordburgenland,0.729837935
AT,AT113,Südburgenland,7.50259778
AT,AT121,Mostviertel-Eisenwurzen,-0.000638693
AT,AT122,Niederösterreich-Süd,5.909358727
AT,AT123,Sankt,1.249966875
AT,AT124,Waldviertel,-0.001790324
AT,AT125,Weinviertel,1.961661224
AT,AT126,Wiener,0.00135911
AT,AT127,Wiener,0.025114259
AT,AT130,Wien,1.295509469
AT,AT211,Klagenfurt-Villach,0.299611687
AT,AT212,Oberkärnten,0.652275406
AT,AT213,Unterkärnten,2.799692092
AT,AT221,Graz,0.576488198
AT,AT222,Liezen,1.086550535
AT,AT223,Östliche,0.744445432
AT,AT224,Oststeiermark,-0.001310963
AT,AT225,West-,0.068009328
AT,AT226,Westliche,0.577039766
AT,AT311,Innviertel,0.647562341
AT,AT312,Linz-Wels,0.177726232
AT,AT313,Mühlviertel,-0.000535226
AT,AT314,Steyr-Kirchdorf,1.743497063
AT,AT315,Traunviertel,0.954585763
AT,AT321,Lungau,0.76507315
AT,AT322,Pinzgau-Pongau,
AT,AT323,Salzburg,0.441468913
AT,AT331,Außerfern,-0.00373346
AT,AT332,Innsbruck,0.424231792
AT,AT333,Osttirol,0.247614299
AT,AT334,Tiroler,1.002040824
AT,AT335,Tiroler,0.595014826
AT,AT341,Bludenz-Bregenzer,
AT,AT342,Rheintal-Bodenseegebiet,0.580201996
BE,BE100,Arr.,0.392570724
BE,BE211,Arr.,1.520205203
BE,BE212,Arr.,0.247826861
BE,BE213,Arr.,222.2397759
BE,BE224,Arr.,9.704979726
BE,BE225,Arr.,4.765995005
BE,BE223,Arr.,1.714250177
BE,BE231,Arr.,2.356084838
BE,BE232,Arr.,0.643797029
BE,BE233,Arr.,0.300918874
BE,BE234,Arr.,1.104146579
BE,BE235,Arr.,4.312835026
BE,BE236,Arr.,1.336926054
BE,BE241,Arr.,4.679634309
BE,BE242,Arr.,6.503253599
BE,BE251,Arr.,0.512415436
BE,BE252,Arr.,7.02634246
BE,BE253,Arr.,10.04434825
BE,BE254,Arr.,2.593845719
BE,BE255,Arr.,3.205093507
BE,BE256,Arr.,
BE,BE257,Arr.,71.25784121
BE,BE258,Arr.,1.101943031
BE,BE310,Arr.,335.7724114
BE,BE32A,Arr.,12.42672502
BE,BE32B,Arr.,1.506627114
BE,BE323,Arr.,40.26552688
BE,BE328,Arr.,4.135654046
BE,BE32C,Arr.,
BE,BE32D,Arr.,
BE,BE331,Arr.,4.986319393
BE,BE332,Arr.,1.513660829
BE,BE334,Arr.,
BE,BE335,Arr.,
BE,BE336,Bezirk,
BE,BE341,Arr.,
BE,BE342,Arr.,225.6944105
BE,BE343,Arr.,6.197221838
BE,BE344,Arr.,27.87734552
BE,BE345,Arr.,5.803582306
BE,BE351,Arr.,6.893278923
BE,BE352,Arr.,2.909190366
BE,BE353,Arr.,9.205322331
BG,BG311,Видин,
BG,BG312,Монтана,
BG,BG313,Враца,
BG,BG314,Плевен,
BG,BG315,Ловеч,
BG,BG321,Велико,
BG,BG322,Габрово,
BG,BG323,Русе,
BG,BG324,Разград,
BG,BG325,Силистра,
BG,BG331,Варна,
BG,BG332,Добрич,
BG,BG333,Шумен,
BG,BG334,Търговище,
BG,BG341,Бургас,
BG,BG342,Сливен,
BG,BG343,Ямбол,
BG,BG344,Стара,
BG,BG411,София,
BG,BG412,София,
BG,BG413,Благоевград,
BG,BG414,Перник,
BG,BG415,Кюстендил,
BG,BG421,Пловдив,
BG,BG422,Хасково,
DE,DE736,Waldeck-Frankenberg,
DE,DE737,Werra-Meißner-Kreis,
DE,DE803,"Rostock,",
DE,DE804,"Schwerin,",
DE,DE80J,Mecklenburgische,
DE,DE80K,Landkreis,
DE,DE80L,Vorpommern-Rügen,
DE,DE80M,Nordwestmecklenburg,
DE,DE80N,Vorpommern-Greifswald,
DE,DE80O,Ludwigslust-Parchim,
DE,DE911,"Braunschweig,",
DE,DE912,"Salzgitter,",
DE,DE913,"Wolfsburg,",
DE,DE914,Gifhorn,
DE,DE916,Goslar,
DE,DE917,Helmstedt,
DE,DE918,Northeim,
DE,DE91A,Peine,
DE,DE91B,Wolfenbüttel,
DE,DE91C,Göttingen,
DE,DE922,Diepholz,
DE,DE923,Hameln-Pyrmont,
DE,DE925,Hildesheim,
DE,DE926,Holzminden,
DE,DE927,Nienburg,
DE,DE928,Schaumburg,
DE,DE40B,Oberspreewald-Lausitz,
DE,DE40C,Oder-Spree,
DE,DE40D,Ostprignitz-Ruppin,
DE,DE40E,Potsdam-Mittelmark,
DE,DE40F,Prignitz,
DE,DE40G,Spree-Neiße,
DE,DE40H,Teltow-Fläming,
DE,DE40I,Uckermark,
DE,DE501,"Bremen,",
DE,DE502,"Bremerhaven,",
DE,DE600,Hamburg,
DE,DE711,"Darmstadt,",
DE,DE712,Frankfurt,
DE,DE713,Offenbach,
DE,DE714,"Wiesbaden,",
DE,DE715,Bergstraße,
DE,DE716,Darmstadt-Dieburg,
DE,DE717,Groß-Gerau,
DE,DE718,Hochtaunuskreis,
DE,DE719,Main-Kinzig-Kreis,
DE,DE71A,Main-Taunus-Kreis,
DE,DE71B,Odenwaldkreis,
DE,DE71C,"Offenbach,",
DE,DE71D,Rheingau-Taunus-Kreis,
DE,DE71E,Wetteraukreis,
DE,DE721,"Gießen,",
DE,DE722,Lahn-Dill-Kreis,
DE,DE723,Limburg-Weilburg,
DE,DE724,Marburg-Biedenkopf,
DE,DE725,Vogelsbergkreis,
DE,DE731,"Kassel,",
DE,DE732,Fulda,
DE,DE929,Region,
DE,DE931,Celle,
DE,DE11A,Schwäbisch,
DE,DE11B,Main-Tauber-Kreis,
DE,DE11C,Heidenheim,
DE,DE11D,Ostalbkreis,
DE,DE121,"Baden-Baden,",
DE,DE122,"Karlsruhe,",
DE,DE123,"Karlsruhe,",
DE,DE124,Rastatt,
DE,DE125,"Heidelberg,",
DE,DE126,"Mannheim,",
DE,DE127,Neckar-Odenwald-Kreis,
DE,DE128,Rhein-Neckar-Kreis,
DE,DE129,"Pforzheim,",
DE,DE12A,Calw,
DE,DE12B,Enzkreis,
DE,DE12C,Freudenstadt,
DE,DE131,Freiburg,
DE,DE132,Breisgau-Hochschwarzwald,
DE,DE133,Emmendingen,
DE,DE134,Ortenaukreis,
DE,DE135,Rottweil,
DE,DE136,Schwarzwald-Baar-Kreis,
DE,DE137,Tuttlingen,
DE,DE138,Konstanz,0.044392404
DE,DE139,Lörrach,-0.001999373
DE,DE13A,Waldshut,0.325490195
DE,DE141,Reutlingen,
DE,DE142,"Tübingen,",
DE,DE143,Zollernalbkreis,
DE,DE144,"Ulm,",
DE,DE145,Alb-Donau-Kreis,
DE,DE146,Biberach,
DE,DE147,Bodenseekreis,0.001643374
DE,DE148,Ravensburg,
DE,DE149,Sigmaringen,
DE,DE211,"Ingolstadt,",
DE,DE212,"München,",
DE,DE213,"Rosenheim,",
DE,DE214,Altötting,
DE,DE215,Berchtesgadener,
DE,DE216,Bad,
DE,DE217,Dachau,
DE,DE218,Ebersberg,
DE,DE219,Eichstätt,
DE,DE21A,Erding,
DE,DE21B,Freising,
DE,DE21C,Fürstenfeldbruck,
DE,DE21D,Garmisch-Partenkirchen,
DE,DE21E,Landsberg,
DE,DE21F,Miesbach,
DE,DE21G,Mühldorf,
DE,DE21H,"München,",
DE,DE21I,Neuburg-Schrobenhausen,
DE,DE21J,Pfaffenhofen,
DE,DE21K,"Rosenheim,",
DE,DE21L,Starnberg,
DE,DE21M,Traunstein,
DE,DE21N,Weilheim-Schongau,
DE,DE221,"Landshut,",
DE,DE222,"Passau,",
DE,DE223,"Straubing,",
DE,DE224,Deggendorf,
DE,DE225,Freyung-Grafenau,
DE,DE226,Kelheim,
DE,DE227,"Landshut,",
DE,DE228,"Passau,",
DE,DE229,Regen,
DE,DE22A,Rottal-Inn,
DE,DE22B,Straubing-Bogen,
DE,DE22C,Dingolfing-Landau,
DE,DE231,"Amberg,",
DE,DE232,"Regensburg,",
DE,DE233,Weiden,
CZ,CZ010,Hlavní,1.841513137
CZ,CZ020,Středočeský,0.001118079
CZ,CZ031,Jihočeský,0.016265369
CZ,CZ032,Plzeňský,0.005983129
CZ,CZ041,Karlovarský,0.010418625
CZ,CZ042,Ústecký,0.00257207
CZ,CZ051,Liberecký,7.369047275
CZ,CZ052,Královéhradecký,0.001643591
CZ,CZ053,Pardubický,-0.000587523
CZ,CZ063,Kraj,0.005980251
CZ,CZ064,Jihomoravský,-0.003463781
CZ,CZ071,Olomoucký,0.007591872
CZ,CZ072,Zlínský,0.000607496
CZ,CZ080,Moravskoslezský,0.005456797
DE,DE111,"Stuttgart,",
DE,DE112,Böblingen,
DE,DE113,Esslingen,
DE,DE114,Göppingen,
DE,DE115,Ludwigsburg,
DE,DE116,Rems-Murr-Kreis,
DE,DE117,"Heilbronn,",
DE,DE118,"Heilbronn,",
DE,DE119,Hohenlohekreis,
DE,DE264,"Aschaffenburg,",
DE,DE265,Bad,
DE,DE266,Rhön-Grabfeld,
DE,DE267,Haßberge,
DE,DE268,Kitzingen,
DE,DE269,Miltenberg,
DE,DE26A,Main-Spessart,
DE,DE26B,"Schweinfurt,",
DE,DE26C,"Würzburg,",
DE,DE271,"Augsburg,",
DE,DE272,"Kaufbeuren,",
DE,DE273,Kempten,
DE,DE274,"Memmingen,",
DE,DE275,Aichach-Friedberg,
DE,DE276,"Augsburg,",
DE,DE277,Dillingen,
DE,DE278,Günzburg,
DE,DE279,Neu-Ulm,
DE,DE27A,Lindau,
DE,DE27B,Ostallgäu,
DE,DE27C,Unterallgäu,
DE,DE27D,Donau-Ries,
DE,DE27E,Oberallgäu,
DE,DE300,Berlin,
DE,DE401,Brandenburg,
DE,DE402,"Cottbus,",
DE,DE403,Frankfurt,
DE,DE404,"Potsdam,",
DE,DE405,Barnim,
DE,DE406,Dahme-Spreewald,
DE,DE407,Elbe-Elster,
DE,DE408,Havelland,
DE,DE409,Märkisch-Oderland,
DE,DE40A,Oberhavel,
DE,DE234,Amberg-Sulzbach,
DE,DE235,Cham,
DE,DE236,Neumarkt,
DE,DE237,Neustadt,
DE,DE238,"Regensburg,",
DE,DE239,Schwandorf,
DE,DE23A,Tirschenreuth,
DE,DE241,"Bamberg,",
DE,DE242,"Bayreuth,",
DE,DE243,"Coburg,",
DE,DE244,"Hof,",
DE,DE245,"Bamberg,",
DE,DE246,"Bayreuth,",
DE,DE247,"Coburg,",
DE,DE248,Forchheim,
DE,DE249,"Hof,",
DE,DE24A,Kronach,
DE,DE24B,Kulmbach,
DE,DE24C,Lichtenfels,
DE,DE24D,Wunsiedel,
DE,DE251,"Ansbach,",
DE,DE252,"Erlangen,",
DE,DE253,"Fürth,",
DE,DE254,"Nürnberg,",
DE,DE255,"Schwabach,",
DE,DE256,"Ansbach,",
DE,DE257,Erlangen-Höchstadt,
DE,DE258,"Fürth,",
DE,DE259,Nürnberger,
DE,DE25A,Neustadt,
DE,DE25B,Roth,
DE,DE25C,Weißenburg-Gunzenhausen,
DE,DE261,"Aschaffenburg,",
DE,DE262,"Schweinfurt,",
DE,DE263,"Würzburg,",
DE,DE932,Cuxhaven,
DE,DE933,Harburg,
DE,DE934,Lüchow-Dannenberg,
DE,DE935,"Lüneburg,",
DE,DE936,Osterholz,
DE,DE937,Rotenburg,
DE,DE938,Heidekreis,
DE,DE939,Stade,
DE,DE93A,Uelzen,
DE,DE93B,Verden,
DE,DE941,"Delmenhorst,",
DE,DE942,"Emden,",
DE,DE943,Oldenburg,
DE,DE944,"Osnabrück,",
DE,DE945,"Wilhelmshaven,",
DE,DE946,Ammerland,
DE,DE947,Aurich,
DE,DE948,Cloppenburg,
DE,DE949,Emsland,
DE,DE94A,Friesland,
DE,DE94B,Grafschaft,
DE,DE94C,Leer,
DE,DE94D,"Oldenburg,",
DE,DE94E,"Osnabrück,",
DE,DE94F,Vechta,
DE,DE94G,Wesermarsch,
DE,DE94H,Wittmund,
DE,DEA11,"Düsseldorf,",
DE,DEA12,"Duisburg,",
DE,DEA13,"Essen,",
DE,DEA14,"Krefeld,",
DE,DE733,Hersfeld-Rotenburg,
DE,DE734,"Kassel,",
DE,DE735,Schwalm-Eder-Kreis,
DE,DEA53,"Hagen,",
DE,DEA54,"Hamm,",
DE,DEA55,"Herne,",
DE,DEA56,Ennepe-Ruhr-Kreis,
DE,DEA57,Hochsauerlandkreis,
DE,DEA58,Märkischer,
DE,DEA59,Olpe,
DE,DEA5A,Siegen-Wittgenstein,
DE,DEA5B,Soest,
DE,DEA5C,Unna,
DE,DEB11,"Koblenz,",
DE,DEB12,Ahrweiler,
DE,DEB13,Altenkirchen,
DE,DEB14,Bad,
DE,DEB15,Birkenfeld,
DE,DEB17,Mayen-Koblenz,
DE,DEB18,Neuwied,
DE,DEB1A,Rhein-Lahn-Kreis,
DE,DEB1B,Westerwaldkreis,
DE,DEB1C,Cochem-Zell,
DE,DEB1D,Rhein-Hunsrück-Kreis,
DE,DEB21,"Trier,",
DE,DEB22,Bernkastel-Wittlich,
DE,DEB23,Eifelkreis,
DE,DEB24,Vulkaneifel,
DE,DEB25,Trier-Saarburg,
DE,DEB31,Frankenthal,
DE,DEB32,"Kaiserslautern,",
DE,DEB33,Landau,
DE,DEB34,Ludwigshafen,
DE,DEB35,"Mainz,",
DE,DEB36,Neustadt,
DE,DEB37,"Pirmasens,",
DE,DEB38,"Speyer,",
DE,DEB39,"Worms,",
DE,DEB3A,"Zweibrücken,",
DE,DEB3B,Alzey-Worms,
DE,DEB3C,Bad,
DE,DEB3D,Donnersbergkreis,
DE,DEB3E,Germersheim,
DE,DEB3F,"Kaiserslautern,",
DE,DEB3G,Kusel,
DE,DEB3H,Südliche,
DE,DEB3I,Rhein-Pfalz-Kreis,
DE,DEB3J,Mainz-Bingen,
DE,DEB3K,Südwestpfalz,
DE,Dec-01,Regionalverband,
DE,Dec-02,Merzig-Wadern,
DE,Dec-03,Neunkirchen,
DE,Dec-04,Saarlouis,
DE,Dec-05,Saarpfalz-Kreis,
DE,Dec-06,St.,
DE,DED21,"Dresden,",
DE,DED2C,Bautzen,
DE,DED2D,Görlitz,
DE,DED2E,Meißen,
DE,DED2F,Sächsische,
DE,DED41,"Chemnitz,",
DE,DED42,Erzgebirgskreis,
DE,DED43,Mittelsachsen,
DE,DED44,Vogtlandkreis,
DE,DED45,Zwickau,
DE,DED51,"Leipzig,",
DE,DED52,Leipzig,
DE,DED53,Nordsachsen,
DE,DEE01,"Dessau-Roßlau,",
DE,DEE02,Halle,
DE,DEE03,"Magdeburg,",
DE,DEE04,Altmarkkreis,
DE,DEE05,Anhalt-Bitterfeld,
DE,DEE06,Jerichower,
DE,DEE07,Börde,
DE,DEE08,Burgenlandkreis,
DE,DEG0E,Hildburghausen,
DE,DEG0F,Ilm-Kreis,
DE,DEG0G,Weimarer,
DE,DEG0H,Sonneberg,
DE,DEG0I,Saalfeld-Rudolstadt,
DE,DEG0J,Saale-Holzland-Kreis,
DE,DEG0K,Saale-Orla-Kreis,
DE,DEG0L,Greiz,
DE,DEG0M,Altenburger,
DE,DEG0N,"Eisenach,",
DE,DEG0P,Wartburgkreis,
DK,DK011,Byen,1.914968208
DK,DK012,Københavns,1.19591202
DK,DK013,Nordsjælland,5.562518707
DK,DK014,Bornholm,-0.003225523
DK,DK021,Østsjælland,1.705113511
DK,DK022,Vest-,2.292176058
DK,DK031,Fyn,1.445667439
DK,DK032,Sydjylland,4.927465799
DK,DK041,Vestjylland,3.025511087
DK,DK042,Østjylland,4.466206459
DK,DK050,Nordjylland,2.393964469
EE,EE001,Põhja-Eesti,
EE,EE004,Lääne-Eesti,
EE,EE009,Kesk-Eesti,
EE,EE00A,Kirde-Eesti,
EE,EE008,Lõuna-Eesti,
EL,EL301,Βόρειος,
EL,EL302,Δυτικός,0.375615332
EL,EL303,Κεντρικός,0.652531273
EL,EL304,Νότιος,0.22791606
EL,EL305,Ανατολική,4.103025039
EL,EL306,Δυτική,
EL,EL307,"Πειραιάς,",0.730183428
EL,EL411,"Λέσβος,",
EL,EL412,"Ικαρία,",
EL,EL413,Χίος,
EL,EL421,"Κάλυμνος,",
EL,EL422,"Άνδρος,",
EL,EL431,Ηράκλειο,
EL,EL432,Λασίθι,0.002054442
EL,EL433,Ρέθυμνο,
EL,EL434,Χανιά,
EL,EL511,Έβρος,
EL,EL512,Ξάνθη,
EL,EL513,Ροδόπη,
EL,EL514,Δράμα,
EL,EL515,"Θάσος,",
EL,EL521,Ημαθία,
EL,EL522,Θεσσαλονίκη,1.316096826
EL,EL523,Κιλκίς,
DE,DEA15,"Mönchengladbach,",
DE,DEE09,Harz,
DE,DEE0A,Mansfeld-Südharz,
DE,DEE0B,Saalekreis,
DE,DEE0C,Salzlandkreis,
DE,DEE0D,Stendal,
DE,DEE0E,Wittenberg,
DE,DEF01,"Flensburg,",
DE,DEF02,"Kiel,",
DE,DEF03,"Lübeck,",
DE,DEF04,"Neumünster,",
DE,DEF05,Dithmarschen,
DE,DEF06,Herzogtum,
DE,DEF07,Nordfriesland,
DE,DEF08,Ostholstein,
DE,DEF09,Pinneberg,
DE,DEF0A,Plön,
DE,DEF0B,Rendsburg-Eckernförde,
DE,DEF0C,Schleswig-Flensburg,
DE,DEF0D,Segeberg,
DE,DEF0E,Steinburg,
DE,DEF0F,Stormarn,
DE,DEG01,"Erfurt,",
DE,DEG02,"Gera,",
DE,DEG03,"Jena,",
DE,DEG04,"Suhl,",
DE,DEG05,"Weimar,",
DE,DEG06,Eichsfeld,
DE,DEG07,Nordhausen,
DE,DEG09,Unstrut-Hainich-Kreis,
DE,DEG0A,Kyffhäuserkreis,
DE,DEG0B,Schmalkalden-Meiningen,
DE,DEG0C,Gotha,
DE,DEG0D,Sömmerda,
DE,DEA16,Mülheim,
DE,DEA17,"Oberhausen,",
DE,DEA18,"Remscheid,",
DE,DEA19,"Solingen,",
DE,DEA1A,"Wuppertal,",
DE,DEA1B,Kleve,
DE,DEA1C,Mettmann,
DE,DEA1D,Rhein-Kreis,
DE,DEA1E,Viersen,
DE,DEA1F,Wesel,
DE,DEA22,"Bonn,",
DE,DEA23,"Köln,",
DE,DEA24,"Leverkusen,",
DE,DEA26,Düren,
DE,DEA27,Rhein-Erft-Kreis,
DE,DEA28,Euskirchen,
DE,DEA29,Heinsberg,
DE,DEA2A,Oberbergischer,
DE,DEA2B,Rheinisch-Bergischer,
DE,DEA2C,Rhein-Sieg-Kreis,
DE,DEA2D,Städteregion,
DE,DEA31,"Bottrop,",
DE,DEA32,"Gelsenkirchen,",
DE,DEA33,"Münster,",
DE,DEA34,Borken,
DE,DEA35,Coesfeld,
DE,DEA36,Recklinghausen,
DE,DEA37,Steinfurt,
DE,DEA38,Warendorf,
DE,DEA41,"Bielefeld,",
DE,DEA42,Gütersloh,
DE,DEA43,Herford,
DE,DEA44,Höxter,
DE,DEA45,Lippe,
DE,DEA46,Minden-Lübbecke,
DE,DEA47,Paderborn,
DE,DEA51,"Bochum,",
DE,DEA52,"Dortmund,",
FI,FI1C4,Kymenlaakso,0.229159762
FI,FI1C5,Etelä-Karjala,2.116721972
FI,FI1D1,Etelä-Savo,0.099973787
FI,FI1D2,Pohjois-Savo,0.428282977
FI,FI1D3,Pohjois-Karjala,0.004218681
FI,FI1D5,Keski-Pohjanmaa,1.899756686
FI,FI1D7,Lappi,-0.004059663
FI,FI1D8,Kainuu,0.403965723
FI,FI1D9,Pohjois-Pohjanmaa,2.238613134
FI,FI200,Åland,
FR,FR101,Paris,0.05424353
EL,EL524,Πέλλα,
FI,FI193,Keski-Suomi,1.321038533
FI,FI194,Etelä-Pohjanmaa,2.215784568
FI,FI195,Pohjanmaa,3.736900472
FI,FI196,Satakunta,2.116697584
FI,FI197,Pirkanmaa,7.241518599
FI,FI1B1,Helsinki-Uusimaa,0.466763037
FI,FI1C1,Varsinais-Suomi,1.007584109
FI,FI1C2,Kanta-Häme,5.709094745
FI,FI1C3,Päijät-Häme,2.385101266
EL,EL642,Εύβοια,
EL,EL643,Ευρυτανία,
EL,EL644,Φθιώτιδα,
EL,EL645,Φωκίδα,
EL,EL651,"Αργολίδα,",
EL,EL652,Κορινθία,0.09774527
EL,EL653,"Λακωνία,",
ES,ES111,A,1.88568228
ES,ES112,Lugo,1.238266703
ES,ES113,Ourense,0.356197318
ES,ES114,Pontevedra,8.874328389
ES,ES120,Asturias,2.268488597
ES,ES130,Cantabria,0.588511357
ES,ES211,Araba/Álava,37.04114052
ES,ES212,Gipuzkoa,0.469102361
ES,ES213,Bizkaia,0.238648232
ES,ES220,Navarra,4.672367918
ES,ES230,La,1.542725342
ES,ES241,Huesca,1.801199124
ES,ES242,Teruel,1.649523473
ES,ES243,Zaragoza,0.337387054
ES,ES300,Madrid,9.25854181
ES,ES411,Ávila,17.42548406
ES,ES412,Burgos,1.468221947
ES,ES413,León,8.691214315
ES,ES414,Palencia,1.888758064
ES,ES415,Salamanca,0.753111389
ES,ES416,Segovia,18.4761557
ES,ES417,Soria,1.995187051
ES,ES418,Valladolid,0.910150159
ES,ES419,Zamora,0.947833955
EL,EL525,Πιερία,
EL,EL526,Σέρρες,
EL,EL527,Χαλκιδική,
EL,EL531,"Γρεβενά,",
EL,EL532,Καστοριά,
EL,EL533,Φλώρινα,
EL,EL541,"Άρτα,",
EL,EL542,Θεσπρωτία,
EL,EL543,Ιωάννινα,
EL,EL611,"Καρδίτσα,",
EL,EL612,Λάρισα,
EL,EL613,"Μαγνησία,",0.857524965
EL,EL621,Ζάκυνθος,8.164185269
EL,EL622,Κέρκυρα,
EL,EL623,"Ιθάκη,",
EL,EL624,Λευκάδα,
EL,EL631,Αιτωλοακαρνανία,
EL,EL632,Αχαΐα,0.129185973
EL,EL633,Ηλεία,
EL,EL641,Βοιωτία,
ES,ES531,Eivissa,4.644646057
ES,ES532,Mallorca,13.78912444
ES,ES533,Menorca,4.296702988
ES,ES611,Almería,1.670045086
ES,ES612,Cádiz,1.875380263
ES,ES613,Córdoba,1.079021886
ES,ES614,Granada,2.553557203
ES,ES615,Huelva,5.205459042
ES,ES616,Jaén,3.415257062
ES,ES617,Málaga,2.054691329
ES,ES618,Sevilla,0.448661347
ES,ES620,Murcia,0.596551438
ES,ES630,Ceuta,
ES,ES640,Melilla,0.163649952
HU,HU321,Hajdú-Bihar,
HU,HU322,Jász-Nagykun-Szolnok,
ES,ES421,Albacete,4.372551394
ES,ES422,Ciudad,16.34654927
ES,ES423,Cuenca,35.66530154
ES,ES424,Guadalajara,5.440276168
ES,ES425,Toledo,3.457703337
ES,ES431,Badajoz,0.872341473
ES,ES432,Cáceres,2.750576624
ES,ES511,Barcelona,2.043387902
ES,ES512,Girona,2.059147694
ES,ES513,Lleida,0.89243461
ES,ES514,Tarragona,2.837311766
ES,ES521,Alicante/Alacant,3.64802395
ES,ES522,Castellón/Castelló,1.236348988
ES,ES523,Valencia/València,1.077669192
HR,HR022,Virovitičko-podravska,
FR,FR102,Seine-et-Marne,3.320417102
FR,FR103,Yvelines,3.46875476
FR,FR104,Essonne,5.66560947
FR,FR105,Hauts-de-Seine,0.337416078
FR,FR106,Seine-Saint-Denis,2.258775591
FR,FR107,Val-de-Marne,0.450685056
FR,FR108,Val-d’Oise,4.592018957
FR,FRB01,Cher,6.643631779
FR,FRB02,Eure-et-Loir,10.03376638
FR,FRB03,Indre,10.30805059
FR,FRB04,Indre-et-Loire,1.856891712
FR,FRB05,Loir-et-Cher,3.852521619
FR,FRB06,Loiret,4.440014269
FR,FRC11,Côte-d’Or,16.34772569
FR,FRC12,Nièvre,4.19482375
FR,FRC13,Saône-et-Loire,4.925283152
FR,FRC14,Yonne,5.508096122
FR,FRC21,Doubs,3.020496195
FR,FRC22,Jura,10.40808817
FR,FRC23,Haute-Saône,6.241337702
FR,FRC24,Territoire,42.77387244
FR,FRD11,Calvados,13.78112682
FR,FRG02,Maine-et-Loire,5.815105427
FR,FRG03,Mayenne,11.74898743
FR,FRG04,Sarthe,5.45684677
FR,FRG05,Vendée,8.087442352
FR,FRH01,Côtes-d’Armor,16.70694556
FR,FRH02,Finistère,7.162782799
FR,FRH03,Ille-et-Vilaine,6.098436757
FR,FRH04,Morbihan,8.993098123
FR,FRI11,Dordogne,3.193587362
FR,FRI12,Gironde,3.738993574
FR,FRI13,Landes,4.035741677
FR,FRI14,Lot-et-Garonne,2.919627704
FR,FRI15,Pyrénées-Atlantiques,3.591478698
FR,FRI21,Corrèze,25.30505511
FR,FRI22,Creuse,37.0952872
FR,FRI23,Haute-Vienne,5.074751259
FR,FRI31,Charente,5.698661294
FR,FRI32,Charente-Maritime,8.279848417
FR,FRI33,Deux-Sèvres,340.4651382
FR,FRI34,Vienne,4.92598716
FR,FRJ11,Aude,4.305443019
FR,FRJ12,Gard,1.544558371
FR,FRJ13,Hérault,2.959305357
FR,FRJ14,Lozère,16.61252425
FR,FRJ15,Pyrénées-Orientales,0.497150772
FR,FRJ21,Ariège,2.756051951
FR,FRJ22,Aveyron,5.863786049
FR,FRJ23,Haute-Garonne,4.290887096
FR,FRJ24,Gers,10.16237097
FR,FRJ25,Lot,4.908967132
FR,FRJ26,Hautes-Pyrénées,10.74823543
FR,FRJ27,Tarn,3.807477585
FR,FRJ28,Tarn-et-Garonne,3.59895015
FR,FRK11,Allier,9.516569457
FR,FRK12,Cantal,20.69620021
FR,FRK13,Haute-Loire,3.803549349
HR,HR031,Primorsko-goranska,
HR,HR032,Ličko-senjska,
HR,HR033,Zadarska,
HR,HR034,Šibensko-kninska,
HR,HR035,Splitsko-dalmatinska,
HR,HR036,Istarska,
HR,HR037,Dubrovačko-neretvanska,
HR,HR050,Grad,-0.000473203
HR,HR065,Zagrebačka,
HR,HR064,Krapinsko-zagorska,
HR,HR062,Varaždinska,
HR,HR063,Koprivničko-križevačka,
HR,HR061,Međimurska,
HR,HR021,Bjelovarsko-bilogorska,
HR,HR023,Požeško-slavonska,
HR,HR024,Brodsko-posavska,
HR,HR025,Osječko-baranjska,
HR,HR026,Vukovarsko-srijemska,
HR,HR027,Karlovačka,
HR,HR028,Sisačko-moslavačka,
HU,HU110,Budapest,
HU,HU120,Pest,
HU,HU211,Fejér,
HU,HU212,Komárom-Esztergom,
HU,HU213,Veszprém,
HU,HU221,Győr-Moson-Sopron,
HU,HU222,Vas,
HU,HU223,Zala,
HU,HU231,Baranya,
HU,HU232,Somogy,
HU,HU233,Tolna,
HU,HU311,Borsod-Abaúj-Zemplén,
HU,HU312,Heves,
HU,HU313,Nógrád,
LT,LT025,Panevėžio,
LT,LT026,Šiaulių,
HU,HU323,Szabolcs-Szatmár-Bereg,
HU,HU331,Bács-Kiskun,
HU,HU332,Békés,
HU,HU333,Csongrád,
IE,IE041,Border,7.955248497
IE,IE042,West,0.612405199
IE,IE051,Mid-West,3.312205382
IE,IE052,South-East,5.927996284
IE,IE053,South-West,5.541284485
IE,IE061,Dublin,35.87349933
IE,IE062,Mid-East,5.314250781
IE,IE063,Midland,23.31848426
FR,FRD12,Manche,16.81721827
FR,FRD13,Orne,58.71572812
FR,FRD21,Eure,5.16440224
IT,ITF65,Reggio,
FR,FRK14,Puy-de-Dôme,8.40446684
FR,FRK21,Ain,5.606432135
FR,FRK22,Ardèche,3.152172472
FR,FRK23,Drôme,2.712979098
FR,FRK24,Isère,1.946096727
FR,FRK25,Loire,23.35319766
FR,FRK26,Rhône,2.032996807
FR,FRK27,Savoie,3.601049175
FR,FRK28,Haute-Savoie,7.583846848
FR,FRL01,Alpes-de-Haute-Provence,2.291861585
FR,FRL02,Hautes-Alpes,5.261335423
FR,FRL03,Alpes-Maritimes,2.276007347
FR,FRL04,Bouches-du-Rhône,4.636286274
FR,FRL05,Var,2.836244722
FR,FRL06,Vaucluse,0.988265163
FR,FRM01,Corse-du-Sud,1.079878218
FR,FRM02,Haute-Corse,1.948647265
FR,FRD22,Seine-Maritime,6.967862443
FR,FRE11,Nord,3.771496381
FR,FRE12,Pas-de-Calais,4.849671925
FR,FRE21,Aisne,11.78163585
FR,FRE22,Oise,6.843036846
FR,FRE23,Somme,7.073594248
FR,FRF11,Bas-Rhin,3.964289993
FR,FRF12,Haut-Rhin,7.072875913
FR,FRF21,Ardennes,4.559485945
FR,FRF22,Aube,1.853646991
FR,FRF23,Marne,3.112503301
FR,FRF24,Haute-Marne,3.171758747
FR,FRF31,Meurthe-et-Moselle,3.76763926
FR,FRF32,Meuse,6.632272811
FR,FRF33,Moselle,3.882734096
FR,FRF34,Vosges,6.450206637
FR,FRG01,Loire-Atlantique,5.965370084
NL,NL133,Zuidwest-Drenthe,1.109725722
NL,NL211,Noord-Overijssel,1.024954239
NL,NL212,Zuidwest-Overijssel,7.311168846
NL,NL213,Twente,39.05760065
NL,NL221,Veluwe,1.226838331
NL,NL224,Zuidwest-Gelderland,0.829422543
NL,NL225,Achterhoek,35.43966056
NL,NL226,Arnhem/Nijmegen,2.999552996
NL,NL230,Flevoland,0.177071122
NL,NL310,Utrecht,0.487113232
NL,NL321,Kop,9.249044145
NL,NL323,IJmond,1.650492403
NL,NL324,Agglomeratie,3.321967574
NL,NL325,Zaanstreek,0.064003542
NL,NL327,Het,0.476874463
NL,NL328,Alkmaar,0.721560619
NL,NL329,Groot-Amsterdam,0.246876361
NL,NL332,Agglomeratie,0.200630734
NL,NL333,Delft,0.203422281
NL,NL337,Agglomeratie,0.132477316
IT,ITC11,Torino,1.66E-05
IT,ITC12,Vercelli,0.116056612
IT,ITC13,Biella,
LT,LT027,Tauragės,
LT,LT028,Telšių,
LT,LT029,Utenos,
LU,LU000,Luxembourg,6.275964801
LV,LV003,Kurzeme,
LV,LV005,Latgale,
LV,LV006,Rīga,
LV,LV007,Pierīga,
LV,LV008,Vidzeme,
LV,LV009,Zemgale,
NL,NL33A,Zuidoost-Zuid-Holland,0.097451018
NL,NL33B,Oost-Zuid-Holland,0.158186666
NL,NL33C,Groot-Rijnmond,0.183535542
NL,NL341,Zeeuwsch-Vlaanderen,0.737459961
IT,ITC49,Lodi,
IT,ITC4A,Cremona,0.00047161
IT,ITC4B,Mantova,-0.000621883
IT,ITC4C,Milano,
IT,ITC4D,Monza,
IT,ITF11,L’Aquila,0.26258199
IT,ITF12,Teramo,0.027782536
IT,ITF13,Pescara,
IT,ITF14,Chieti,
IT,ITF21,Isernia,
IT,ITF22,Campobasso,
IT,ITF31,Caserta,-0.002028638
IT,ITF32,Benevento,
IT,ITF33,Napoli,0.035226306
IT,ITF34,Avellino,
IT,ITF35,Salerno,-0.001394241
IT,ITF43,Taranto,0.305372867
IT,ITF44,Brindisi,
IT,ITF45,Lecce,
IT,ITF46,Foggia,0.12471823
IT,ITF47,Bari,0.002123948
IT,ITF48,Barletta-Andria-Trani,
IT,ITF51,Potenza,
IT,ITF52,Matera,
IT,ITF61,Cosenza,0.001229442
IT,ITF62,Crotone,0.002139368
IT,ITF63,Catanzaro,0.101643554
IT,ITF64,Vibo,5.855414251
IT,ITG11,Trapani,1.460813215
IT,ITG12,Palermo,0.052509592
IT,ITG13,Messina,0.361521317
IT,ITG14,Agrigento,0.105424888
IT,ITG15,Caltanissetta,0.303799731
IT,ITG16,Enna,0.117241983
IT,ITG17,Catania,0.001143447
IT,ITG18,Ragusa,0.251196437
IT,ITG19,Siracusa,0.523489351
IT,ITG2D,Sassari,0.101731978
IT,ITG2E,Nuoro,0.212580691
IT,ITG2H,Sud,8.705411259
IT,ITG2G,Oristano,0.004735509
IT,ITH10,Bolzano-Bozen,
IT,ITH20,Trento,
IT,ITH31,Verona,
IT,ITH32,Vicenza,0.348020193
IT,ITC14,Verbano-Cusio-Ossola,-0.003234807
IT,ITC15,Novara,1.212995832
IT,ITC16,Cuneo,-0.000548792
IT,ITC17,Asti,
IT,ITC18,Alessandria,-0.000157064
IT,ITC20,Valle,0.090611738
IT,ITC31,Imperia,
IT,ITC32,Savona,
IT,ITC33,Genova,
IT,ITC34,La,
IT,ITC41,Varese,
IT,ITC42,Como,10.80485237
IT,ITC43,Lecco,
IT,ITC44,Sondrio,
IT,ITC46,Bergamo,
IT,ITC47,Brescia,7.753637223
IT,ITC48,Pavia,-0.000655637
IT,ITI17,Pisa,
IT,ITI18,Arezzo,
IT,ITI19,Siena,
IT,ITI1A,Grosseto,
IT,ITI21,Perugia,0.802862659
IT,ITI22,Terni,
IT,ITI31,Pesaro,0.019325026
IT,ITI32,Ancona,0.018892489
IT,ITI33,Macerata,0.046162529
IT,ITI34,Ascoli,0.029166089
IT,ITI35,Fermo,0.012171562
IT,ITI41,Viterbo,
IT,ITI42,Rieti,
IT,ITI43,Roma,0.178998563
IT,ITI44,Latina,0.05546727
IT,ITI45,Frosinone,
LT,LT011,Vilniaus,
LT,LT021,Alytaus,
LT,LT022,Kauno,
LT,LT023,Klaipėdos,
LT,LT024,Marijampolės,
PL,PL213,Miasto,
PL,PL214,Krakowski,
PL,PL217,Tarnowski,
PL,PL218,Nowosądecki,
PL,PL219,Nowotarski,
PL,PL225,Bielski,
PL,PL227,Rybnicki,
PL,PL228,Bytomski,
PL,PL229,Gliwicki,
PL,PL22A,Katowicki,37.71491182
IT,ITH33,Belluno,
IT,ITH34,Treviso,0.024121902
IT,ITH35,Venezia,0.016358803
IT,ITH36,Padova,
IT,ITH37,Rovigo,
IT,ITH41,Pordenone,1.341630681
IT,ITH42,Udine,0.158546944
IT,ITH43,Gorizia,-0.002176075
IT,ITH44,Trieste,0.526781303
IT,ITH51,Piacenza,0.014023267
IT,ITH52,Parma,0.000142161
IT,ITH53,Reggio,-0.000592873
IT,ITH54,Modena,-0.000262443
IT,ITH55,Bologna,0.1226486
IT,ITH56,Ferrara,-0.001705699
IT,ITH57,Ravenna,0.002895864
IT,ITH58,Forlì-Cesena,0.701733104
IT,ITH59,Rimini,0.044610321
IT,ITI11,Massa-Carrara,0.083797074
IT,ITI12,Lucca,
IT,ITI13,Pistoia,
IT,ITI14,Firenze,
IT,ITI15,Prato,
IT,ITI16,Livorno,0.000421228
NL,NL342,Overig,0.586091575
NL,NL411,West-Noord-Brabant,1.219455762
NL,NL412,Midden-Noord-Brabant,3.286204169
NL,NL413,Noordoost-Noord-Brabant,1.075649616
NL,NL414,Zuidoost-Noord-Brabant,46.44694938
NL,NL421,Noord-Limburg,7.16368513
NL,NL422,Midden-Limburg,5.490161303
NL,NL423,Zuid-Limburg,3.663306488
NL,NL111,Oost-Groningen,0.435499956
NL,NL112,Delfzijl,1.599842766
NL,NL113,Overig,0.290023151
NL,NL124,Noord-Friesland,0.258228424
NL,NL125,Zuidwest-Friesland,1.348739459
NL,NL126,Zuidoost-Friesland,2.604919263
NL,NL131,Noord-Drenthe,1.82804248
NL,NL132,Zuidoost-Drenthe,3.78792031
SK,SK032,Banskobystrický,0.000177603
SK,SK041,Prešovský,0.002630571
SK,SK042,Košický,0.000967319
PL,PL22B,Sosnowiecki,
PL,PL22C,Tyski,
PL,PL411,Pilski,
PL,PL414,Koniński,
PL,PL415,Miasto,
SE,SE110,Stockholms,-0.019114211
SE,SE121,Uppsala,3.513606927
SE,SE122,Södermanlands,12.4069954
SE,SE123,Östergötlands,11.00936671
SE,SE124,Örebro,3.076595293
PL,PL515,Jeleniogórski,
PL,PL516,Legnicko-głogowski,
PL,PL517,Wałbrzyski,
PL,PL518,Wrocławski,
PL,PL523,Nyski,
PL,PL524,Opolski,
PL,PL613,Bydgosko-toruński,
PL,PL616,Grudziądzki,
PL,PL617,Inowrocławski,
PL,PL618,Świecki,
PL,PL619,Włocławski,
PL,PL621,Elbląski,
PL,PL622,Olsztyński,
PL,PL623,Ełcki,
PL,PL633,Trójmiejski,
PL,PL634,Gdański,
PL,PL636,Słupski,
PL,PL637,Chojnicki,
PL,PL638,Starogardzki,
PL,PL711,Miasto,3.53008752
PL,PL712,Łódzki,
PL,PL713,Piotrkowski,
PL,PL714,Sieradzki,
PL,PL715,Skierniewicki,
PL,PL721,Kielecki,
PL,PL722,Sandomiersko-jędrzejowski,
PL,PL811,Bialski,
PL,PL812,Chełmsko-zamojski,
PL,PL814,Lubelski,
PL,PL815,Puławski,
PL,PL821,Krośnieński,
PL,PL822,Przemyski,
PL,PL823,Rzeszowski,
PL,PL824,Tarnobrzeski,
PL,PL841,Białostocki,
PL,PL842,Łomżyński,
PL,PL843,Suwalski,
PL,PL911,Miasto,0.045399815
PL,PL912,Warszawski,
PL,PL416,Kaliski,
PL,PL417,Leszczyński,
PL,PL418,Poznański,
PL,PL424,Miasto,
PL,PL426,Koszaliński,
PL,PL427,Szczecinecko-pyrzycki,
PL,PL428,Szczeciński,
PL,PL431,Gorzowski,
PL,PL432,Zielonogórski,
PL,PL514,Miasto,
PL,PL21A,Oświęcimski,
PL,PL224,Częstochowski,
SI,SI044,Obalno-kraška,43.35104818
SK,SK010,Bratislavský,-0.008870835
SK,SK021,Trnavský,0.001425768
SK,SK022,Trenčiansky,0.009809803
SK,SK023,Nitriansky,-0.002238473
SK,SK031,Žilinský,0.012699631
PT,PT16F,Região,3.865087236
PT,PT16G,Viseu,-0.007992314
PT,PT16H,Beira,0.00281359
PT,PT16I,Médio,0.000186366
PT,PT16J,Beiras,-0.003612926
PT,PT170,Área,1.75322968
PT,PT181,Alentejo,
PT,PT184,Baixo,0.088034442
PT,PT185,Lezíria,0.177890508
PT,PT186,Alto,0.001877388
PT,PT187,Alentejo,0.037790276
SE,SE313,Gävleborgs,3.63397219
RO,RO126,Sibiu,
RO,RO211,Bacău,
RO,RO212,Botoşani,
RO,RO213,Iaşi,
RO,RO214,Neamţ,
RO,RO215,Suceava,
RO,RO216,Vaslui,
RO,RO221,Brăila,
RO,RO222,Buzău,
RO,RO223,Constanţa,
RO,RO224,Galaţi,
RO,RO225,Tulcea,
RO,RO226,Vrancea,
RO,RO311,Argeş,
RO,RO312,Călăraşi,
RO,RO313,Dâmboviţa,
RO,RO314,Giurgiu,
RO,RO315,Ialomiţa,
RO,RO316,Prahova,
RO,RO317,Teleorman,
RO,RO321,Bucureşti,
RO,RO322,Ilfov,
RO,RO411,Dolj,
RO,RO412,Gorj,
RO,RO413,Mehedinţi,
RO,RO414,Olt,
RO,RO415,Vâlcea,
RO,RO421,Arad,
RO,RO422,Caraş-Severin,
RO,RO423,Hunedoara,
RO,RO424,Timiş,
UK,UKF11,Derby,0.240855239
UK,UKF12,East,0.010375497
UK,UKF13,South,0.002876313
UK,UKF14,Nottingham,0.379995882
UK,UKF15,North,7.179680401
UK,UKF16,South,0.026381584
UK,UKF21,Leicester,2.271479352
UK,UKF22,Leicestershire,-0.002675457
UK,UKF24,West,14.17229481
UK,UKF25,North,32.1274226
UK,UKF30,Lincolnshire,3.590797839
UK,UKG11,"Herefordshire,",4.227691396
UK,UKG12,Worcestershire,-0.001251572
UK,UKG13,Warwickshire,10.07685124
UK,UKG21,Telford,-0.002249396
UK,UKG22,Shropshire,3.804475879
UK,UKG23,Stoke-on-Trent,
UK,UKG24,Staffordshire,10.60749809
UK,UKG31,Birmingham,
RO,RO111,Bihor,
RO,RO112,Bistriţa-Năsăud,
RO,RO113,Cluj,
RO,RO114,Maramureş,
RO,RO115,Satu,
RO,RO116,Sălaj,
RO,RO121,Alba,
RO,RO122,Braşov,
RO,RO123,Covasna,
RO,RO124,Harghita,
RO,RO125,Mureş,
SE,SE125,Västmanlands,6.380157202
SE,SE211,Jönköpings,6.525719642
SE,SE212,Kronobergs,3.796733264
SE,SE213,Kalmar,9.555389384
SE,SE214,Gotlands,3.247845153
SE,SE221,Blekinge,12.05335695
SE,SE224,Skåne,11.36267658
SE,SE231,Hallands,6.961374085
SE,SE232,Västra,-0.000138092
SE,SE311,Värmlands,-0.000308938
SE,SE312,Dalarnas,-0.010721861
SI,SI041,Osrednjeslovenska,-0.001154909
SI,SI042,Gorenjska,-0.001225442
SI,SI043,Goriška,-0.002805404
UK,UKG32,Solihull,
UK,UKG33,Coventry,
UK,UKG36,Dudley,
UK,UKG37,Sandwell,
UK,UKG38,Walsall,
UK,UKG39,Wolverhampton,
UK,UKH11,Peterborough,6.516998021
UK,UKH12,Cambridgeshire,2.957333141
UK,UKH14,Suffolk,35.27464337
UK,UKH15,Norwich,2.099857182
UK,UKH16,North and,5.893992715
UK,UKH17,Breckland,24.14116012
UK,UKH21,Luton,
UK,UKH23,Hertfordshire,73.30628435
UK,UKH24,Bedford,0.272767445
SE,SE321,Västernorrlands,2.449305526
SE,SE322,Jämtlands,1.851128854
SE,SE331,Västerbottens,3.223863229
SE,SE332,Norrbottens,1.561876948
SI,SI031,Pomurska,-0.001508973
SI,SI032,Podravska,-0.001496037
SI,SI033,Koroška,0.011359637
SI,SI034,Savinjska,0.004628859
SI,SI035,Zasavska,0.003514278
SI,SI036,Posavska,-0.000938575
SI,SI037,Jugovzhodna,
SI,SI038,Primorsko-notranjska,
PL,PL913,Warszawski,
PL,PL921,Radomski,
PL,PL922,Ciechanowski,
PL,PL923,Płocki,
PL,PL924,Ostrołęcki,
PL,PL925,Siedlecki,
PL,PL926,Żyrardowski,
PT,PT111,Alto,0.003513952
PT,PT112,Cávado,0.027565433
PT,PT119,Ave,-0.001828566
PT,PT11A,Área,0.013317442
PT,PT11B,Alto,
PT,PT11C,Tâmega,
PT,PT11D,Douro,
PT,PT11E,Terras,
PT,PT150,Algarve,0.004517901
PT,PT16B,Oeste,
PT,PT16D,Região,7.617996017
PT,PT16E,Região,-0.011919478
UK,UKC11,Hartlepool,1.365429396
UK,UKC12,South,1.837131848
UK,UKC13,Darlington,
UK,UKC14,Durham,21.33504461
UK,UKC21,Northumberland,2.001886115
UK,UKC22,Tyneside,0.97555668
UK,UKC23,Sunderland,4.030205676
UK,UKD11,West,23.84708152
UK,UKD12,East,2.751689555
UK,UKD33,Manchester,
UK,UKD34,Greater,32.60902688
UK,UKD35,Greater,
UK,UKD36,Greater,-0.003842636
UK,UKD37,Greater,
UK,UKD41,Blackburn,
UK,UKD42,Blackpool,
UK,UKD44,Lancaster,1.875162254
UK,UKD45,Mid,0.088258665
UK,UKD46,East,
UK,UKD47,Chorley,-0.003351514
UK,UKD61,Warrington,2.239928885
UK,UKD62,Cheshire,
UK,UKD63,Cheshire,4.274297231
UK,UKD71,East,4.810134262
UK,UKD72,Liverpool,
UK,UKD73,Sefton,-0.006004606
UK,UKD74,Wirral,12.73912087
UK,UKE11,Kingston,0.609816957
UK,UKE12,East,4.001549228
UK,UKE13,North,16.56553824
UK,UKE21,York,0.03009607
UK,UKH25,Central,53.46211858
UK,UKH31,Southend-on-Sea,9.03555287
UK,UKH32,Thurrock,23.07246126
UK,UKH34,Essex,40.60898326
UK,UKH35,West,-0.00486432
UK,UKH36,Heart,271.2112285
UK,UKH37,Essex,4.862133479
UK,UKI31,Camden,0.847247036
UK,UKI32,Westminster,2.167064146
UK,UKI33,Kensington,0.073058914
UK,UKI34,Wandsworth,0.752114036
UK,UKI41,Hackney,0.695067236
UK,UKI42,Tower,1.351771419
UK,UKI43,Haringey,5.598326297
UK,UKI44,Lewisham,0.145862164
UK,UKI45,Lambeth,2.197295085
UK,UKI51,Bexley,3.539332106
UK,UKI52,Barking,6.626445793
UK,UKI53,Redbridge,20.72945126
UK,UKI54,Enfield,3.545275237
UK,UKI61,Bromley,
UK,UKI62,Croydon,
UK,UKI63,"Merton,",
UK,UKI71,Barnet,
UK,UKI72,Brent,
UK,UKI73,Ealing,
UK,UKI74,Harrow,
UK,UKI75,Hounslow,2.79103268
UK,UKJ11,Berkshire,3.341410173
UK,UKJ12,Milton,18.58864086
UK,UKJ13,Buckinghamshire,0.502446589
UK,UKJ14,Oxfordshire,6.945614399
UK,UKJ21,Brighton,
UK,UKJ22,East,3.34650526
UK,UKJ25,West,0.060774884
UK,UKJ26,East,
UK,UKJ27,West,91.61700997
UK,UKJ28,West,451.5344108
UK,UKE22,North,6.515315939
UK,UKE31,"Barnsley,",11.61369588
UK,UKE32,Sheffield,
UK,UKE41,Bradford,
UK,UKE42,Leeds,-0.003324279
UK,UKE44,Calderdale,7.603624471
UK,UKE45,Wakefield,5.688173028
UK,UKL17,Bridgend,0.962945501
UK,UKL18,Swansea,0.893276237
UK,UKL21,Monmouthshire,2.798152118
UK,UKL22,Cardiff,27.16683428
UK,UKL23,Flintshire,0.038818662
UK,UKL24,Powys,0
UK,UKM50,Aberdeen,5.416653019
UK,UKM61,Caithness,26.37310729
UK,UKM62,Inverness,15.26523744
UK,UKM63,"Lochaber,",3.573046521
UK,UKM64,Na,1.452735376
UK,UKM71,Angus,3.568916745
UK,UKM72,Clackmannanshire,12.76792404
UK,UKM73,East,1.22245384
UK,UKM75,"Edinburgh,",8.336344727
UK,UKM76,Falkirk,1.865263518
UK,UKM77,Perth,0.005093713
UK,UKM78,West,0.003452831
UK,UKM81,East,0.266459099
UK,UKM82,Glasgow,0.797151922
UK,UKM83,"Inverclyde,",-0.002526967
UK,UKM84,North,-0.028371902
UK,UKM91,Scottish,5.934439084
UK,UKM92,Dumfries,6.696979159
UK,UKM93,East,1.79870522
UK,UKM94,South,1.329250301
UK,UKM95,South,0.007569669
UK,UKN06,Belfast,17.56815758
UK,UKN07,Armagh,-0.005433274
UK,UKN08,"Newry,",28.31921956
UK,UKN09,Ards,
UK,UKN0A,Derry,6.136058995
UK,UKN0B,Mid,22.99128031
UK,UKN0C,Causeway,0.002150979
UK,UKN0D,Antrim,
UK,UKN0E,Lisburn,
UK,UKN0F,Mid,387.0053315
UK,UKN0G,Fermanagh,12.7460892
UK,UKM65,Orkney,
UK,UKM66,Shetland,
UK,UKJ31,Portsmouth,2.417640814
UK,UKJ32,Southampton,36.00840774
UK,UKJ34,Isle,-0.0026537
UK,UKJ35,South,33.28477053
UK,UKJ36,Central,-0.002702046
UK,UKJ37,North,
UK,UKJ41,Medway,21.92058679
UK,UKJ43,Kent,29.16657334
UK,UKJ44,East,9.050344867
UK,UKJ45,Mid,7.740547814
UK,UKJ46,West,19.43960567
UK,UKK11,"Bristol,",1.356217768
UK,UKK12,Bath,3.739916057
UK,UKK13,Gloucestershire,14.28625992
UK,UKK14,Swindon,
UK,UKK15,Wiltshire,17.09706349
UK,UKK24,"Bournemouth,",4.663348174
UK,UKK25,Dorset,8.291114627
UK,UKK23,Somerset,6.845381351
UK,UKK30,Cornwall,2.194090962
UK,UKK41,Plymouth,1.706698693
UK,UKK42,Torbay,
UK,UKK43,Devon,16.07960019
UK,UKL11,Isle,0.527018166
UK,UKL12,Gwynedd,1.970598166
UK,UKL13,Conwy,0.501050681
UK,UKL14,South,2.162439504
UK,UKL15,Central,
UK,UKL16,Gwent,
IT,ITG2F,Cagliari,0.425691951
BE,BE329,Arr.,